bin_index,z_lo_A,z_hi_A,z_center_A,frames_present,atom_count_mean,atom_count_std,Al_type_1_mean,Al_type_1_std,Fe_type_2_mean,Fe_type_2_std,Al_slab_atoms_mean,Al_slab_atoms_std,Fe4Al13_slab_atoms_mean,Fe4Al13_slab_atoms_std,sigma_xx_GPa_mean,sigma_xx_GPa_std,sigma_yy_GPa_mean,sigma_yy_GPa_std,sigma_zz_GPa_mean,sigma_zz_GPa_std,sigma_xy_GPa_mean,sigma_xy_GPa_std,sigma_xz_GPa_mean,sigma_xz_GPa_std,sigma_yz_GPa_mean,sigma_yz_GPa_std,hydrostatic_GPa_mean,hydrostatic_GPa_std,mean_pe_atom_eV_mean,mean_pe_atom_eV_std,single_frame_hydrostatic_GPa,single_frame_sigma_zz_GPa,delta_hydrostatic_vs_single_GPa,delta_sigma_zz_vs_single_GPa
0,5.0,10.0,7.5,21,28.0,0.0,28.0,0.0,0.0,0.0,28.0,0.0,0.0,0.0,-4.956976864899308,0.44725445738356945,-5.218624993928263,0.4120747982444271,-0.22383357465150372,0.6304673368018279,-0.6264045893925962,0.07804436276533704,-0.09643981531128894,0.3142944129980756,0.10979863032792106,0.27453918999931054,-3.466478477826358,0.4853675478673842,-3.130963945578231,0.004025511756787331,-3.589880373654241,-0.4808838424391634,0.12340189582788286,0.25705026778765966
1,10.0,15.0,12.5,21,28.0,0.0,28.0,0.0,0.0,0.0,28.0,0.0,0.0,0.0,-1.148004136774094,0.3882696035748117,-1.437504729705972,0.36962512884796717,-0.32541810252044,0.7284923531163695,-0.6443134305193,0.05539307415734117,0.093203262824161,0.3649173426060457,-0.025379233741993572,0.39151231333197273,-0.9703089896668353,0.48708939070086305,-3.3079643027210883,0.00581291248972634,-0.9099441761490502,-0.1495310299475578,-0.06036481351778511,-0.17588707257288222
2,15.0,20.0,17.5,21,33.61904761904762,5.333630944077313,33.61904761904762,5.333630944077313,0.0,0.0,33.61904761904762,5.333630944077313,0.0,0.0,-1.2573134976371931,0.36401349937881783,-1.5618001172663403,0.407155937991943,-0.40257000179703245,0.5359405006686121,-0.7501757811073689,0.14539362068237957,0.08419248406280559,0.39552402805533426,0.11205381185553673,0.45118615242833887,-1.0738945389001888,0.4042901736103628,-3.3104469289779312,0.004606888037919941,-1.0407648123241084,-0.07740940653600037,-0.033129726576080376,-0.3251605952610321
3,20.0,25.0,22.5,21,34.80952380952381,4.388838657538548,34.80952380952381,4.388838657538548,0.0,0.0,34.80952380952381,4.388838657538548,0.0,0.0,-1.0609363794787008,0.5230608029192986,-1.380291880293653,0.4728964482915446,0.21869756988766303,1.0097310325542903,-0.7451163944398412,0.1190648108125507,-0.13353107692918442,0.4498831260985934,-0.0945976861748535,0.40117804328127354,-0.740843563294897,0.6470928384074282,-3.3084671031091735,0.0034852799763704922,-1.17774886889057,-0.6031849050606372,0.436905305595673,0.8218824749483002
4,25.0,30.0,27.5,21,29.571428571428573,3.0589447293376937,29.571428571428573,3.0589447293376937,0.0,0.0,29.571428571428573,3.0589447293376937,0.0,0.0,-1.0236945966157913,0.4484062044331641,-1.3412714922614843,0.3735521566593795,-0.178129502449175,0.9804482271655042,-0.6688930781047986,0.07179650731694598,-0.06656773241169223,0.41637943129389227,-0.06746723518149915,0.35312651916921145,-0.8476985304421502,0.5878933103772166,-3.3082046793163147,0.005079856449446947,-0.6343084290937447,-0.0021701321402393873,-0.21339010134840541,-0.1759593703089356
5,30.0,35.0,32.5,21,28.0,0.0,28.0,0.0,0.0,0.0,28.0,0.0,0.0,0.0,-0.8914513694976138,0.49296168319023065,-1.171241815963138,0.44968985606520456,0.0410012319077596,1.0007254416371547,-0.6289095537600493,0.10018199779378278,0.05288389135222987,0.4314632441443263,0.03249969225670302,0.3231714387233568,-0.6738973178509975,0.638782584384635,-3.305279200680272,0.007263501875909182,-0.9656775119804356,-0.5127189782919068,0.2917801941294381,0.5537202101996664
6,35.0,40.0,37.5,21,27.80952380952381,0.40237390808147827,27.80952380952381,0.40237390808147827,0.0,0.0,27.80952380952381,0.40237390808147827,0.0,0.0,-1.2916217690624827,0.822765623205613,-1.6793860188513896,0.7859940840651682,-0.8769692666961423,0.9219330138985969,-0.6965581771986677,0.2355751815149845,0.04569321534108217,0.41556065745949294,-0.07815878220329234,0.4681610474165022,-1.2826590182033382,0.7271984299012433,-3.2775288762912576,0.007919081496574082,-1.9778681353349619,-1.6617834780366467,0.6952091171316237,0.7848142113405044
7,40.0,45.0,42.5,21,29.61904761904762,1.4654757069358222,23.38095238095238,1.2440333788202982,6.238095238095238,0.5389584311207967,0.19047619047619047,0.40237390808147827,29.428571428571427,1.4342743312012725,-2.271121521174019,0.7783603863203655,-0.3552388230054327,0.5611853103553603,-0.012121653540494225,1.1172033465212123,1.5482099777835914,0.735867830904808,0.3732711785201016,0.6513373913350694,-0.0834942644981816,0.6267419657864158,-0.879493999239982,0.5194907664367222,-3.536955597995001,0.014300908019738578,-1.2475085858990083,-1.638331281485932,0.3680145866590263,1.6262096279454379
8,45.0,50.0,47.5,21,33.61904761904762,1.3592715135759477,23.857142857142858,1.1084094137869043,9.761904761904763,0.5389584311207967,0.0,0.0,33.61904761904762,1.3592715135759477,-1.1829811752668098,0.45667880180598275,0.6344446350592482,1.1266122089111676,0.01430966377999279,1.7257930372013697,0.9243551655661765,0.705586882823162,-0.2918440236955871,0.7148406186305473,0.07604788554810045,0.6633496378017064,-0.1780756254758563,0.8528741856490831,-3.4819816260870917,0.015647783263012995,-0.25073244622641233,-1.3583472139160984,0.07265682075055604,1.3726568776960912
9,50.0,55.0,52.5,21,34.476190476190474,0.6796357567879738,26.714285714285715,0.4629100498862757,7.761904761904762,0.4364357804719848,0.0,0.0,34.476190476190474,0.6796357567879738,-1.2861590849709639,0.6706947975254177,0.8459796454582947,0.7613246403732408,-1.0352382401849778,1.2481265946193671,1.5013714270435936,0.43437721027135684,-0.06870418333128167,0.5066576119041822,-0.11413853769714098,0.5575150695485472,-0.491805893232549,0.750345881362353,-3.5455454483126583,0.006303932999509198,-1.7908002323715504,-2.5391540393480017,1.2989943391390013,1.5039157991630239
10,55.0,60.0,57.5,21,30.428571428571427,0.6761234037828132,24.19047619047619,0.40237390808147827,6.238095238095238,0.4364357804719848,0.0,0.0,30.428571428571427,0.6761234037828132,-1.2765157724405485,0.5725052495251545,-0.05464322607303667,0.9262932197469338,-0.1532368254432003,1.0610743054133633,1.2349648929056631,0.5064854234401209,0.07699171272477846,0.7346012185891765,0.23434848491058252,0.6508272224056226,-0.49479860798559516,0.6879860663702291,-3.5316868725998463,0.008338788521697055,-0.35197157573051857,-0.36215091426600965,-0.1428270322550766,0.20891408882280935
11,60.0,65.0,62.5,21,30.666666666666668,0.9128709291752769,24.476190476190474,0.6796357567879738,6.190476190476191,0.40237390808147827,0.0,0.0,30.666666666666668,0.9128709291752769,-1.5012051515096299,0.7511422205830891,0.5975867342519594,0.8991518712739321,0.29605717221887856,1.1922727129058166,0.9236977632565394,0.3972020283644599,-0.19606052564045082,0.6758846804488058,0.1185384676598787,0.5705160618934931,-0.20252041501293067,0.7088283297357393,-3.53121916753945,0.0073071436431593586,0.2917099152503045,1.090805511371794,-0.49423033026323515,-0.7947483391529155
12,65.0,70.0,67.5,21,34.333333333333336,0.9128709291752769,26.523809523809526,0.6796357567879738,7.809523809523809,0.40237390808147827,0.0,0.0,34.333333333333336,0.9128709291752769,-1.470741227059553,0.6815710294585575,1.2378912809785316,0.7973571548858726,-0.8365449167097917,1.2468803460900981,1.480750823479837,0.37097645602308166,-0.08828125866140003,0.8726606145009901,0.10200611710681767,0.6335251397034938,-0.3564649542636044,0.8083087962266196,-3.544554508704239,0.005988171344032729,-0.5065303222123135,-0.8044133253348813,0.15006536794870912,-0.032131591374910395
13,70.0,75.0,72.5,21,32.76190476190476,2.0224925687072846,23.476190476190474,1.4006801069140526,9.285714285714286,0.9023778112773575,0.0,0.0,32.76190476190476,2.0224925687072846,-1.2062756068606832,0.704071131078486,-0.15572812952725681,1.1705416516363256,-0.12571100811535402,1.171313019463703,0.5689884180104245,0.6585274369980486,-0.2180675093819902,0.6448819197945815,-0.07149304340145639,0.7606372065689277,-0.49590491483443133,0.7957725632772641,-3.4901349546306797,0.016787218840728615,-1.2718836314017645,-0.5883584409749342,0.7759787165673332,0.46264743285958015
14,75.0,80.0,77.5,21,30.761904761904763,1.4108423691100966,24.047619047619047,0.8646496675642961,6.714285714285714,0.9023778112773575,0.0,0.0,30.761904761904763,1.4108423691100966,-1.57890492461548,0.546734119151681,0.9005407268351535,0.7727888859117723,-0.2441900046116609,1.2128982379350999,1.426931070784365,0.459897148732644,0.30738391361703565,0.8244264459232985,-0.15223544859331536,0.42643693789687004,-0.30751806746399585,0.6944363491464633,-3.5441689509975642,0.0194839591209023,-0.7894013936242779,-1.1427350210855125,0.481883326160282,0.8985450164738515
15,80.0,85.0,82.5,21,32.61904761904762,1.2835961388299078,24.904761904761905,0.8309489698388166,7.714285714285714,0.5606119105813882,0.0,0.0,32.61904761904762,1.2835961388299078,-1.6506400748501222,0.5792154807759675,1.333811400335024,0.8546174322662757,-0.6514972842711144,1.0827829402251532,1.7505264570960501,0.4691598165008053,0.4119599083218535,0.630566823849513,-0.33512395201166106,0.6807762685000901,-0.3227753195954041,0.6968264936140175,-3.530975275789673,0.01194559247964418,-0.40314410616126345,-0.5604814826804151,0.08036878656585933,-0.09101580159069933
16,85.0,90.0,87.5,21,30.238095238095237,1.4108423691100966,21.952380952380953,0.9734572654303052,8.285714285714286,0.5606119105813882,0.0,0.0,30.238095238095237,1.4108423691100966,-1.2541344747719523,0.7841420482026467,-0.2523641738543804,0.9714706971046979,0.1452137073492655,1.151016679511069,0.05523340509238867,0.43384545183884654,-0.12080090010578907,0.677935662021913,0.15596008426561708,0.7547277137519752,-0.4537616470923557,0.6738662090301749,-3.4993381395704777,0.01068956483207948,-0.8829407152760925,-0.5363883113963162,0.4291790681837368,0.6816020187455817
17,90.0,95.0,92.5,21,34.23809523809524,0.8890872794479687,26.238095238095237,0.8890872794479687,8.0,0.0,0.0,0.0,34.23809523809524,0.8890872794479687,-1.1283854869785022,0.6093961076528678,1.4517788112774899,0.6871260490717028,-0.6568165348602333,1.33403563059003,1.8158393907458272,0.41912125766246905,0.16766476807986447,0.7844852457484499,-0.11399065935184433,0.6063525796813923,-0.11114107018708193,0.7442522786764435,-3.534695513835837,0.008738028850394128,-0.5147681403187755,-1.0367536861546363,0.4036270701316936,0.379937151294403
18,95.0,100.0,97.5,21,30.666666666666668,0.7302967433402214,24.666666666666668,0.7302967433402214,6.0,0.0,0.0,0.0,30.666666666666668,0.7302967433402214,-1.4158701796560533,0.5329089962975864,0.2879348443644792,0.8134600040497603,0.04162660745439384,1.1870198944415244,1.1243836148549404,0.3575082778400848,-0.11385934803214257,0.6494710474813231,0.2960351236333746,0.6621860040466199,-0.36210290927906014,0.6971789079546962,-3.542773066328107,0.009834065991765588,-0.37044303315196164,-0.39175666990778524,0.008340123872901506,0.4333832773621791
19,100.0,105.0,102.5,21,23.761904761904763,0.6248809410409238,17.761904761904763,0.6248809410409238,6.0,0.0,0.0,0.0,23.761904761904763,0.6248809410409238,-1.4483245511357683,0.7187501045096926,-0.7004487036560133,0.7812133445552852,0.06801717283491536,1.2090498232686686,1.3024142989284877,0.6465879559241504,-0.10901474948809395,0.7855818192828783,0.09791789972758227,1.1180170108561396,-0.6935853606522888,0.6508167484472246,-3.2656619741890958,0.015132305338421779,-0.9163914154798455,0.6740671390229248,0.22280605482755667,-0.6060499661880094
