rank,al_hkl,fe_hkl,al_matrix,fe_matrix,al_det,fe_det,al_len1_A,fe_len1_A,mismatch1_percent,al_len2_A,fe_len2_A,mismatch2_percent,max_len_mismatch_percent,al_angle_deg,fe_angle_deg,angle_delta_deg,al_area_A2,fe_area_A2,area_mismatch_percent,estimated_atoms,score,status
1,(111),(100),"[[-5,-3],[-2,-4]]","[[-2,-1],[-1,-1]]",14,1,15.387497896804543,15.243009382123471,0.9434288068775897,20.355746367237124,20.518146776794502,0.7946412590800234,0.9434288068775897,19.106605350869078,18.99216651066643,0.1144388402026486,102.52662212165589,101.78371208921094,0.7272368627993169,652,1.8193823190712255,reasonable
2,(111),(100),"[[-6,-5],[-2,-4]]","[[-1,-2],[-1,-1]]",14,1,15.387497896804543,15.243009382123471,0.9434288068775897,27.740206334011535,27.161408925798533,2.108489542516987,2.108489542516987,13.897886248013934,14.231571802537184,0.33368555452324955,102.5266221216559,101.78371208921094,0.7272368627993306,652,3.1150649746875394,reasonable
3,(110),(010),"[[-6,-1],[-5,2]]","[[-1,-1],[0,-1]]",17,1,16.704980031947507,16.801682335706975,0.5772123925587948,17.925892563868775,17.71462942192158,1.1855221538642178,1.1855221538642178,42.758884504871276,43.938788754926364,1.1799042500550883,203.30211701125955,206.5261941289576,1.5733794030617718,748,3.1871539524257475,reasonable
4,(100),(010),"[[-4,-4],[-4,2]]","[[-1,0],[0,-1]]",24,1,13.00480931711046,12.940667250724927,0.49443737306448876,16.449927191299203,16.801682335706975,2.115718002294502,2.115718002294502,71.56505117707799,71.78190226445722,0.21685108737922576,202.95007844928367,206.5261941289576,1.7466778512743357,972,3.2249109800265936,reasonable
5,(111),(100),"[[-5,-3],[-2,-4]]","[[-2,1],[-1,1]]",14,1,15.387497896804543,15.04423307335817,2.2559664698858795,20.355746367237124,20.222600590382086,0.6562405166188651,2.2559664698858795,19.106605350869078,19.54565345472671,0.43904810385763327,102.52662212165589,101.78371208921095,0.7272368627993028,652,3.2599712326025947,reasonable
6,(100),(010),"[[-6,0],[-2,-4]]","[[-1,-1],[-1,0]]",24,1,13.00480931711046,12.940667250724927,0.49443737306448876,17.447782600488967,17.71462942192158,1.517795885347903,1.517795885347903,63.43494882292201,64.27930898061642,0.8443601576944104,202.95007844928367,206.5261941289576,1.7466778512743357,972,3.2759954070389954,reasonable
7,(110),(010),"[[-5,-2],[-4,-5]]","[[-1,1],[0,-1]]",17,1,16.704980031947507,16.801682335706975,0.5772123925587948,23.624409320351905,24.20137807753879,2.412793551674313,2.412793551674313,31.00758300686711,30.524366841048703,0.4832161658184084,203.30211701125953,206.5261941289576,1.5733794030617858,748,3.652768276540723,reasonable
8,(110),(010),"[[-6,-1],[-1,-3]]","[[-1,-1],[-1,0]]",17,1,12.675520190733117,12.940667250724927,2.070152403418841,17.925892563868775,17.71462942192158,1.1855221538642178,2.070152403418841,63.47464798339032,64.27930898061642,0.804660997226101,203.30211701125955,206.5261941289576,1.5733794030617718,748,3.878917258098919,reasonable
9,(111),(100),"[[-5,-3],[-3,1]]","[[-2,1],[-1,0]]",14,1,7.6937489484022725,7.866274404095588,2.217547516284668,20.355746367237124,20.222600590382086,0.6562405166188651,2.217547516284668,40.893394649130904,39.77997788127772,1.113416767853181,102.52662212165589,101.78371208921094,0.7272368627993169,652,3.897474916707338,reasonable
10,(110),(100),"[[-4,-6],[-4,-4]]","[[-3,-1],[-2,-1]]",8,1,20.146963962308746,20.518146776794502,1.8255590983984697,27.279118161102158,27.081283302046817,0.7278638631447694,1.8255590983984697,10.024987862075765,10.55486533577092,0.529877473695155,95.67158447588686,101.78371208921091,6.190897605331119,460,3.9633691391846155,reasonable
11,(111),(100),"[[-6,2],[-5,-3]]","[[-2,0],[-2,1]]",28,2,15.387497896804545,15.732548808191176,2.217547516284668,20.355746367237124,20.222600590382086,0.6562405166188651,2.217547516284668,40.893394649130904,39.77997788127772,1.113416767853181,205.05324424331178,203.56742417842187,0.7272368627993169,1304,4.223474916707338,reasonable
12,(111),(100),"[[-6,-2],[-5,3]]","[[-2,-1],[0,-1]]",28,2,12.675520190733115,12.940667250724927,2.0701524034188554,20.969624936403797,20.518146776794502,2.176439663862053,2.176439663862053,50.48466180164345,50.05658146747255,0.4280803341709003,205.05324424331178,203.56742417842187,0.7272368627993169,1304,4.2292621463596785,reasonable
13,(110),(100),"[[-4,-6],[-4,-4]]","[[-3,1],[-2,1]]",8,1,20.146963962308746,20.222600590382086,0.37472104993660976,27.279118161102158,26.745742586658135,1.9745560360972687,1.9745560360972687,10.024987862075765,10.846922676046029,0.8219348139702642,95.67158447588686,101.78371208921091,6.190897605331119,460,4.299912186800132,reasonable
14,(111),(100),"[[-4,-2],[-1,3]]","[[-1,0],[-1,1]]",14,1,7.693748948402272,7.866274404095588,2.21754751628468,15.387497896804545,15.04423307335817,2.2559664698858906,2.2559664698858906,59.999999999999986,59.32563133600442,0.6743686639955655,102.52662212165589,101.78371208921094,0.7272368627993169,652,4.3091847631236355,reasonable
15,(111),(100),"[[-6,1],[-4,-4]]","[[-2,-1],[-2,0]]",28,2,16.190857028901362,15.732548808191176,2.8712990277351165,20.146963962308746,20.518146776794502,1.8255590983984697,2.8712990277351165,38.94827556462707,39.096235869528456,0.1479603049013889,205.05324424331178,203.56742417842187,0.7272368627993169,1304,4.347910304707565,reasonable
16,(111),(001),"[[-5,-4],[-2,-5]]","[[-2,-1],[-1,-1]]",17,1,18.16022790275733,18.54145616100567,2.0774428638534324,22.711923066793116,23.000678464602757,1.2633514091790257,2.0774428638534324,17.568382756329108,18.053863315394587,0.48548055906547916,124.4966125762964,132.16650043588805,5.976618743206426,748,4.4862289180227375,reasonable
17,(111),(100),"[[-6,-5],[-2,3]]","[[-1,0],[-1,2]]",28,2,7.6937489484022725,7.866274404095588,2.217547516284668,27.740206334011535,26.938844858651372,2.93114623564534,2.93114623564534,73.89788624801399,73.87107087236882,0.026815375645171002,205.05324424331178,203.56742417842187,0.7272368627993169,1304,4.4997403010841355,reasonable
18,(100),(010),"[[-6,0],[-4,-4]]","[[-1,-1],[0,-1]]",24,1,16.449927191299203,16.801682335706975,2.115718002294502,17.447782600488967,17.71462942192158,1.517795885347903,2.115718002294502,45.00000000000001,43.938788754926364,1.0612112450736433,202.95007844928367,206.5261941289576,1.7466778512743357,972,4.500383794636559,reasonable
19,(111),(100),"[[-6,1],[-4,-4]]","[[-2,0],[-2,1]]",28,2,16.190857028901362,15.732548808191176,2.8712990277351165,20.146963962308746,20.222600590382086,0.37472104993660976,2.8712990277351165,38.94827556462707,39.77997788127772,0.8317023166506559,205.05324424331178,203.56742417842187,0.7272368627993169,1304,4.52479710765397,reasonable
20,(100),(001),"[[-6,-2],[-4,-4]]","[[-1,-1],[0,-1]]",16,1,16.449927191299203,16.801682335706975,2.115718002294502,18.391577712333604,18.54145616100567,0.8116227287802542,2.115718002294502,26.565051177078008,25.103381294499172,1.4616698825788355,135.30005229952243,132.16650043588803,2.3431354923351893,716,4.55434952216352,reasonable
21,(111),(001),"[[-5,-4],[-2,-5]]","[[-2,1],[-1,1]]",17,1,18.16022790275733,18.562435401923405,2.190513775262092,22.711923066793116,23.034496582131105,1.4102678103053474,2.190513775262092,17.568382756329108,18.00537396116304,0.4369912048339337,124.4966125762964,132.166500435888,5.976618743206384,748,4.6115416031923555,reasonable
22,(111),(100),"[[-4,-2],[-1,-4]]","[[-1,-1],[0,-1]]",14,1,13.325964079312355,12.940667250724927,2.933736144130679,15.387497896804545,15.243009382123471,0.9434288068776013,2.933736144130679,30.000000000000018,31.0644149568061,1.0644149568060826,102.52662212165589,101.78371208921094,0.7272368627993169,652,4.6175608345778425,reasonable
23,(111),(100),"[[-5,-3],[-3,1]]","[[-2,-1],[-1,0]]",14,1,7.6937489484022725,7.866274404095588,2.217547516284668,20.355746367237124,20.518146776794502,0.7946412590800234,2.217547516284668,40.893394649130904,39.096235869528456,1.797158779602448,102.52662212165589,101.78371208921094,0.7272368627993169,652,4.624231699148204,reasonable
24,(100),(001),"[[-6,-2],[-4,-4]]","[[-1,1],[0,-1]]",16,1,16.449927191299203,16.801682335706975,2.115718002294502,18.391577712333604,18.562435401923405,0.9247043835890417,2.115718002294502,26.565051177078008,25.07304664736813,1.4920045297098774,135.30005229952243,132.16650043588803,2.3431354923351893,716,4.627601281996953,reasonable
25,(111),(100),"[[-6,2],[-2,-4]]","[[-2,0],[-1,1]]",28,2,15.387497896804543,15.04423307335817,2.2559664698858795,15.387497896804545,15.732548808191176,2.217547516284668,2.2559664698858795,59.99999999999999,59.32563133600442,0.6743686639955726,205.05324424331178,203.56742417842187,0.7272368627993169,1304,4.635184763123626,reasonable
26,(111),(100),"[[-6,3],[-3,-3]]","[[-1,-1],[-1,1]]",27,2,15.11022297173156,15.04423307335817,0.4376792489621818,15.110222971731561,15.243009382123471,0.8749408224066486,0.8749408224066486,60.00000000000001,62.5859662838007,2.585966283800694,197.72991409176495,203.56742417842187,2.909319115755819,1272,4.782137097464408,reasonable
27,(111),(100),"[[-5,-3],[-1,5]]","[[-2,-1],[0,-1]]",28,2,13.325964079312355,12.940667250724927,2.933736144130679,20.355746367237124,20.518146776794502,0.7946412590800234,2.933736144130679,49.106605350869074,50.05658146747255,0.949976116603473,205.05324424331178,203.56742417842187,0.7272368627993169,1304,4.7868745076880685,reasonable
28,(111),(100),"[[-4,-2],[-1,3]]","[[-1,-1],[-1,0]]",14,1,7.693748948402272,7.866274404095588,2.21754751628468,15.387497896804545,15.243009382123471,0.9434288068776013,2.21754751628468,59.999999999999986,58.088402380194886,1.9115976198051001,102.52662212165589,101.78371208921094,0.7272368627993169,652,4.7929360481238845,reasonable
29,(111),(100),"[[-6,-5],[-4,-1]]","[[-1,-2],[0,-1]]",14,1,13.325964079312355,12.940667250724927,2.933736144130679,27.740206334011535,27.161408925798533,2.108489542516987,2.933736144130679,16.102113751986007,16.83284315426897,0.7307294022829645,102.52662212165589,101.78371208921094,0.7272368627993169,652,4.815006125128036,reasonable
30,(111),(100),"[[-6,-5],[-2,-4]]","[[-1,1],[-1,2]]",14,1,15.387497896804543,15.04423307335817,2.2559664698858795,27.740206334011535,26.938844858651372,2.93114623564534,2.93114623564534,13.897886248013934,14.54543953636442,0.6475532883504851,102.5266221216559,101.78371208921092,0.7272368627993446,652,4.817784645950194,reasonable
31,(110),(010),"[[-5,-2],[-1,3]]","[[-1,0],[0,-1]]",17,1,12.675520190733117,12.940667250724927,2.070152403418841,16.704980031947507,16.801682335706975,0.5772123925587948,2.070152403418841,73.76646751173841,71.78190226445722,1.9845652472811963,203.30211701125953,206.5261941289576,1.5733794030617858,748,4.822358416341127,reasonable
32,(111),(100),"[[-6,2],[-5,-3]]","[[-2,-1],[-2,0]]",28,2,15.387497896804545,15.732548808191176,2.217547516284668,20.355746367237124,20.518146776794502,0.7946412590800234,2.217547516284668,40.893394649130904,39.096235869528456,1.797158779602448,205.05324424331178,203.56742417842187,0.7272368627993169,1304,4.950231699148205,reasonable
33,(111),(100),"[[-5,1],[-1,3]]","[[-1,0],[0,-1]]",14,1,7.693748948402272,7.866274404095588,2.21754751628468,13.325964079312355,12.940667250724927,2.933736144130679,2.933736144130679,90.0,89.15281733700098,0.8471826629990176,102.52662212165589,101.78371208921094,0.7272368627993169,652,4.9961733392276635,reasonable
34,(111),(001),"[[-6,-6],[-6,-3]]","[[-3,1],[-2,1]]",18,1,23.081246845206817,23.034496582131105,0.20275185696344064,30.220445943463123,28.98911181003824,4.159241109521948,4.159241109521948,10.893394649130967,11.415834049705278,0.5224394005743118,131.8199427278433,132.166500435888,0.26255720096182417,780,5.129130822784683,reasonable
35,(111),(001),"[[-6,-1],[-5,-4]]","[[-2,-1],[-1,-1]]",19,1,19.068793631348747,18.54145616100567,2.804222111017604,22.711923066793116,23.000678464602757,1.2633514091790257,2.804222111017604,18.74041402270993,18.053863315394587,0.6865507073153445,139.14327287939014,132.16650043588805,5.1430306827868355,812,5.196822370388015,reasonable
36,(100),(100),"[[-5,-5],[-4,3]]","[[-2,-1],[-1,1]]",35,3,14.539818833740807,15.04423307335817,3.4100416075617015,20.562408989124002,20.518146776794502,0.21548984186927989,3.4100416075617015,81.86989764584402,81.57813279446714,0.29176485137688246,295.96886440520535,305.35113626763285,3.120558721455912,1732,5.198720115241479,reasonable
37,(111),(001),"[[-6,-1],[-5,-4]]","[[-2,1],[-1,1]]",19,1,19.068793631348747,18.562435401923405,2.6911596694205135,22.711923066793116,23.034496582131105,1.4102678103053474,2.6911596694205135,18.74041402270993,18.00537396116304,0.73504006154689,139.14327287939014,132.166500435888,5.14303068278688,812,5.207934476576038,reasonable
38,(100),(100),"[[-5,-2],[-2,4]]","[[-2,0],[0,-1]]",24,2,13.00480931711046,12.940667250724927,0.49443737306448876,15.659864137114484,15.732548808191176,0.46307157849464275,0.49443737306448876,85.23635830927383,89.15281733700098,3.916459027727157,202.95007844928364,203.56742417842187,0.30372405869255287,1176,5.242628080759433,borderline
39,(111),(001),"[[-6,-6],[-6,-3]]","[[-3,-1],[-2,-1]]",18,1,23.081246845206817,23.000678464602757,0.349674541861683,30.220445943463123,28.948806004646304,4.298313387270903,4.298313387270903,10.893394649130967,11.4489783115294,0.5555836623984334,131.8199427278433,132.16650043588794,0.2625572009617812,780,5.31060832116977,reasonable
40,(110),(100),"[[-3,-6],[-1,-5]]","[[-3,1],[-2,1]]",9,1,20.767015113027863,20.222600590382086,2.656353387575121,26.17167390073345,26.745742586658135,2.1696776752563776,2.656353387575121,11.42175365896231,10.846922676046029,0.5748309829162803,107.6305325353727,101.78371208921091,5.583975871978877,492,5.3674533445312225,reasonable
41,(100),(001),"[[-6,-2],[-2,-6]]","[[-1,-1],[-1,1]]",32,2,18.391577712333604,18.54145616100567,0.8116227287802542,18.391577712333604,18.562435401923405,0.9247043835890417,0.9247043835890417,53.13010235415599,50.176427941867274,2.953674412288713,270.60010459904487,264.33300087177605,2.3431354923351893,1432,5.368671231978398,reasonable
42,(110),(010),"[[-4,-5],[-1,3]]","[[-1,0],[-1,1]]",17,1,12.675520190733117,12.940667250724927,2.070152403418841,23.624409320351905,24.20137807753879,2.412793551674313,2.412793551674313,42.758884504871276,41.25753542340853,1.5013490814627488,203.30211701125955,206.5261941289576,1.5733794030617718,748,5.369192100868211,reasonable
43,(111),(010),"[[-6,1],[-3,-4]]","[[-1,-1],[0,-1]]",27,1,16.190857028901362,16.801682335706975,3.7028086868684924,17.688453039840585,17.71462942192158,0.1478762879433805,3.7028086868684924,43.66327951857528,43.938788754926364,0.27550923635108404,197.72991409176495,206.5261941289576,4.351835313464159,1068,5.385636621580262,reasonable
44,(100),(100),"[[-6,-4],[-3,-4]]","[[-2,1],[-1,1]]",12,1,14.539818833740807,15.04423307335817,3.4100416075617015,20.969624936403793,20.222600590382086,3.62701619768489,3.62701619768489,19.44003482817617,19.54565345472671,0.105618626550541,101.47503922464183,101.78371208921095,0.30372405869255287,588,5.438679445090001,reasonable
45,(100),(100),"[[-5,-2],[-1,-5]]","[[-2,0],[-1,1]]",23,2,14.827763991469649,15.04423307335817,1.4493110816711887,15.659864137114484,15.732548808191176,0.46307157849464275,1.4493110816711887,56.88865803962798,59.32563133600442,2.4369732963764434,194.49382518056348,203.56742417842187,4.558895904823689,1144,5.442244474778049,reasonable
46,(100),(100),"[[-5,-2],[-1,-5]]","[[-2,0],[-1,-1]]",23,2,14.827763991469649,15.243009382123471,2.7617872376935515,15.659864137114484,15.732548808191176,0.46307157849464275,2.7617872376935515,56.88865803962798,58.088402380194886,1.1997443405669088,194.49382518056348,203.56742417842187,4.558895904823689,1144,5.483863506800667,reasonable
47,(110),(100),"[[-3,-6],[-3,-3]]","[[-1,1],[-1,2]]",9,1,15.11022297173156,15.04423307335817,0.4376792489621818,26.17167390073345,26.938844858651372,2.88896051418199,2.88896051418199,15.793169048263943,14.54543953636442,1.2477295118995233,107.63053253537271,101.78371208921092,5.583975871978876,492,5.532451444014384,reasonable
48,(100),(100),"[[-5,-2],[-4,3]]","[[-2,0],[-1,1]]",23,2,14.539818833740807,15.04423307335817,3.4100416075617015,15.659864137114484,15.732548808191176,0.46307157849464275,3.4100416075617015,58.67130713219584,59.32563133600442,0.6543242038085779,194.49382518056353,203.56742417842187,4.55889590482366,1144,5.579443102399501,reasonable
49,(111),(001),"[[-5,-4],[-3,1]]","[[-2,1],[-1,0]]",17,1,7.6937489484022725,7.866274404095588,2.217547516284668,22.711923066793116,23.034496582131105,1.4102678103053474,2.217547516284668,45.436108842554,46.83721675011142,1.4011079075574244,124.49661257629643,132.16650043588803,5.976618743206382,748,5.598429427081268,reasonable
50,(111),(001),"[[-5,-4],[-3,1]]","[[-2,-1],[-1,0]]",17,1,7.6937489484022725,7.866274404095588,2.217547516284668,22.711923066793116,23.000678464602757,1.2633514091790257,2.217547516284668,45.436108842554,46.92711803146366,1.4910091889096577,124.49661257629643,132.16650043588803,5.976618743206382,748,5.612503341355298,reasonable
51,(110),(010),"[[-6,0],[-4,-3]]","[[-1,-1],[0,-1]]",18,1,16.956196835861668,16.801682335706975,0.9154277694365809,17.447782600488967,17.71462942192158,1.517795885347903,1.517795885347903,46.686143341716964,43.938788754926364,2.7473545867905997,215.26106507074542,206.5261941289576,4.141837265716047,780,5.7382096564306515,reasonable
52,(110),(100),"[[-6,-6],[-3,-6]]","[[-2,2],[-1,2]]",18,2,26.17167390073345,26.938844858651372,2.88896051418199,30.22044594346312,30.08846614671634,0.4376792489621818,2.88896051418199,15.793169048263943,14.54543953636442,1.2477295118995233,215.26106507074542,203.56742417842185,5.583975871978876,984,5.778451444014384,reasonable
53,(100),(001),"[[-4,-4],[-2,2]]","[[-1,0],[0,-1]]",16,1,8.224963595649601,7.866274404095588,4.458192608420726,16.449927191299203,16.801682335706975,2.115718002294502,4.458192608420726,90.0,89.91563735864257,0.08436264135742988,135.30005229952243,132.16650043588803,2.3431354923351893,716,5.845738365540901,reasonable
54,(110),(100),"[[-3,-6],[-1,-5]]","[[-3,-1],[-2,-1]]",9,1,20.767015113027863,20.518146776794502,1.205606686961846,26.17167390073345,27.081283302046817,3.4161836228162685,3.4161836228162685,11.42175365896231,10.55486533577092,0.8668883231913895,107.6305325353727,101.78371208921091,5.583975871978877,492,5.852361792501744,reasonable
55,(111),(001),"[[-6,1],[-5,-2]]","[[-1,-1],[0,-1]]",17,1,16.190857028901362,16.801682335706975,3.7028086868684924,18.16022790275733,18.54145616100567,2.0774428638534324,3.7028086868684924,25.050389316613074,25.103381294499172,0.052991977886097885,124.49661257629643,132.16650043588803,5.976618743206382,748,5.868085506452366,reasonable
56,(111),(010),"[[-5,3],[-4,-3]]","[[-1,-1],[-1,0]]",27,1,12.675520190733115,12.940667250724927,2.0701524034188554,17.688453039840585,17.71462942192158,0.1478762879433805,2.0701524034188554,61.871771599681246,64.27930898061642,2.4075373809351746,197.72991409176495,206.5261941289576,4.351835313464159,1068,5.887331717689128,reasonable
57,(111),(001),"[[-6,1],[-5,-2]]","[[-1,1],[0,-1]]",17,1,16.190857028901362,16.801682335706975,3.7028086868684924,18.16022790275733,18.562435401923405,2.190513775262092,3.7028086868684924,25.050389316613074,25.07304664736813,0.022657330755055938,124.49661257629643,132.16650043588803,5.976618743206382,748,5.894206407196092,reasonable
58,(111),(001),"[[-6,2],[-5,-4]]","[[-2,0],[-2,1]]",34,2,15.387497896804545,15.732548808191176,2.217547516284668,22.711923066793116,23.034496582131105,1.4102678103053474,2.217547516284668,45.436108842554,46.83721675011142,1.4011079075574244,248.99322515259286,264.33300087177605,5.976618743206382,1496,5.972429427081268,reasonable
59,(111),(001),"[[-6,2],[-5,-4]]","[[-2,-1],[-2,0]]",34,2,15.387497896804545,15.732548808191176,2.217547516284668,22.711923066793116,23.000678464602757,1.2633514091790257,2.217547516284668,45.436108842554,46.92711803146366,1.4910091889096577,248.99322515259286,264.33300087177605,5.976618743206382,1496,5.986503341355299,reasonable
60,(110),(100),"[[-4,-4],[-1,3]]","[[-2,-1],[0,-1]]",16,2,12.675520190733117,12.940667250724927,2.070152403418841,20.146963962308746,20.518146776794502,1.8255590983984697,2.070152403418841,48.527065691059505,50.05658146747255,1.5295157764130423,191.3431689517737,203.56742417842187,6.190897605331162,920,5.987803446651376,reasonable
61,(110),(100),"[[-3,-3],[-2,-5]]","[[-2,-1],[-1,-1]]",9,1,15.11022297173156,15.243009382123471,0.8749408224066604,21.36908225710426,20.518146776794502,4.062982918354936,4.062982918354936,19.471220634490695,18.99216651066643,0.47905412382426604,107.6305325353727,101.78371208921094,5.58397587197885,492,5.997971485735418,reasonable
62,(100),(100),"[[-6,-4],[-3,-4]]","[[-2,-1],[-1,-1]]",12,1,14.539818833740807,15.243009382123471,4.722120701808297,20.969624936403793,20.518146776794502,2.176439663862036,4.722120701808297,19.44003482817617,18.99216651066643,0.4478683175097409,101.47503922464183,101.78371208921094,0.3037240586925389,588,6.002162487882935,reasonable
63,(100),(010),"[[-6,-1],[-5,3]]","[[-1,-1],[0,-1]]",23,1,16.956196835861668,16.801682335706975,0.9154277694365809,17.688453039840585,17.71462942192158,0.1478762879433805,0.9154277694365809,40.42607874009915,43.938788754926364,3.5127100148272135,194.49382518056353,206.5261941289576,6.000881935575923,940,6.1101810679421265,borderline
64,(110),(010),"[[-4,-5],[0,-4]]","[[-1,1],[0,-1]]",16,1,16.449927191299203,16.801682335706975,2.115718002294502,23.624409320351905,24.20137807753879,2.412793551674313,2.412793551674313,29.496208496566418,30.524366841048703,1.0281583444822857,191.3431689517737,206.5261941289576,7.632166025361009,716,6.121615604969807,reasonable
65,(110),(001),"[[-3,-5],[-2,4]]","[[-2,-1],[0,-1]]",22,2,17.447782600488964,16.801682335706975,3.7729072029920645,22.336493521913617,23.000678464602757,2.929979588875431,3.7729072029920645,42.460988408099524,43.15724460989378,0.696256201794256,263.09685730868887,264.33300087177605,0.4687423527183873,1112,6.122992128215962,reasonable
66,(100),(100),"[[-6,-3],[-2,-5]]","[[-2,0],[-2,1]]",24,2,15.659864137114484,15.732548808191176,0.46307157849464275,19.50721397566569,20.222600590382086,3.6012582617375264,3.6012582617375264,41.63353933657017,39.77997788127772,1.85356145529245,202.95007844928364,203.56742417842187,0.30372405869255287,1176,6.133214742129488,reasonable
67,(110),(001),"[[-3,-5],[-2,4]]","[[-2,1],[0,-1]]",22,2,17.447782600488964,16.801682335706975,3.7729072029920645,22.336493521913617,23.034496582131105,3.076869420820783,3.7729072029920645,42.460988408099524,43.07842060853116,0.6174322004316366,263.09685730868887,264.33300087177605,0.4687423527183873,1112,6.135645952269967,reasonable
68,(100),(001),"[[-4,-4],[-4,4]]","[[-2,0],[0,-1]]",32,2,16.449927191299203,15.732548808191176,4.458192608420726,16.449927191299203,16.801682335706975,2.115718002294502,4.458192608420726,90.0,89.91563735864257,0.08436264135742988,270.60010459904487,264.33300087177605,2.3431354923351893,1432,6.203738365540902,reasonable
69,(110),(100),"[[-6,-6],[-2,-5]]","[[-2,-2],[-2,-1]]",18,2,21.36908225710426,20.518146776794502,4.062982918354936,30.22044594346312,30.486018764246943,0.8749408224066604,4.062982918354936,19.471220634490695,18.99216651066643,0.47905412382426604,215.2610650707454,203.56742417842187,5.58397587197885,984,6.243971485735417,reasonable
70,(110),(100),"[[-5,-1],[-4,-4]]","[[-2,-1],[-2,0]]",16,2,15.110222971731558,15.732548808191176,4.035472822612683,20.146963962308746,20.518146776794502,1.8255590983984697,4.035472822612683,38.94244126898137,39.096235869528456,0.15379460054708716,191.3431689517737,203.56742417842187,6.190897605331162,920,6.281162187590087,reasonable
71,(110),(001),"[[-6,-1],[-3,-4]]","[[-1,-1],[-1,1]]",21,2,17.925892563868775,18.54145616100567,3.3759712107451203,18.620053276441674,18.562435401923405,0.3099194086585897,3.3759712107451203,48.79897126209281,50.176427941867274,1.3774566797744612,251.137909249203,264.33300087177605,5.11962609858089,1080,6.3315488062436325,reasonable
72,(110),(100),"[[-4,-4],[-1,3]]","[[-2,1],[0,-1]]",16,2,12.675520190733117,12.940667250724927,2.070152403418841,20.146963962308746,20.222600590382086,0.37472104993660976,2.070152403418841,48.527065691059505,51.06720478172133,2.5401390906618246,191.3431689517737,203.56742417842187,6.190897605331162,920,6.3421120518372325,reasonable
73,(100),(100),"[[-6,-3],[-4,2]]","[[-2,1],[0,-1]]",24,2,13.00480931711046,12.940667250724927,0.49443737306448876,19.50721397566569,20.222600590382086,3.6012582617375264,3.6012582617375264,53.13010235415599,51.06720478172133,2.0628975724346574,202.95007844928367,203.56742417842187,0.3037240586925389,1176,6.346684252379871,reasonable
74,(111),(001),"[[-6,1],[-4,-5]]","[[-2,1],[0,-1]]",34,2,16.190857028901362,16.801682335706975,3.7028086868684924,22.711923066793116,23.034496582131105,1.4102678103053474,3.7028086868684924,42.61877207294218,43.07842060853116,0.45964853558898255,248.99322515259283,264.33300087177605,5.9766187432063935,1496,6.365250349728973,reasonable
75,(111),(010),"[[-6,0],[-2,-5]]","[[-1,-1],[0,-1]]",30,1,17.447782600488967,16.801682335706975,3.772907202992084,18.16022790275733,17.71462942192158,2.4841825950857084,3.772907202992084,43.897886248014,43.938788754926364,0.04090250691236719,219.69990454640546,206.5261941289576,6.181559720716059,1164,6.376513636201092,reasonable
76,(111),(001),"[[-6,1],[-4,-5]]","[[-2,-1],[0,-1]]",34,2,16.190857028901362,16.801682335706975,3.7028086868684924,22.711923066793116,23.000678464602757,1.2633514091790257,3.7028086868684924,42.61877207294218,43.15724460989378,0.5384725369516019,248.99322515259283,264.33300087177605,5.9766187432063935,1496,6.394193115494393,reasonable
77,(110),(010),"[[-5,-2],[-2,-4]]","[[-1,-1],[0,-1]]",16,1,16.704980031947507,16.801682335706975,0.5772123925587948,17.447782600488964,17.71462942192158,1.5177958853479234,1.5177958853479234,41.032570868942855,43.938788754926364,2.9062178859835086,191.3431689517737,206.5261941289576,7.632166025361009,716,6.414497911326186,reasonable
78,(110),(010),"[[-4,-3],[-2,-6]]","[[-1,1],[0,-1]]",18,1,16.956196835861668,16.801682335706975,0.9154277694365809,25.351040381466234,24.20137807753879,4.640186451761438,4.640186451761438,30.051180649978217,30.524366841048703,0.47318619107048576,215.26106507074542,206.5261941289576,4.141837265716047,780,6.42117712903424,reasonable
79,(111),(001),"[[-6,-5],[-6,1]]","[[-3,-1],[-2,0]]",36,2,16.190857028901362,15.732548808191176,2.8712990277351165,27.740206334011535,28.948806004646304,4.2639644642762295,4.2639644642762295,35.94378396574399,35.478139719934234,0.46564424580975583,263.63988545568657,264.33300087177605,0.26255720096186724,1560,6.438754003249169,reasonable
80,(111),(001),"[[-6,0],[-3,6]]","[[-2,0],[0,-1]]",36,2,15.110222971731561,15.732548808191176,4.03547282261266,17.447782600488967,16.801682335706975,3.772907202992084,4.03547282261266,90.0,89.91563735864257,0.08436264135742988,263.6398854556866,264.33300087177605,0.26255720096184565,1560,6.4413532121498,reasonable
81,(100),(001),"[[-5,-4],[-5,2]]","[[-2,0],[-1,1]]",30,2,15.659864137114484,15.732548808191176,0.46307157849464275,18.62005327644167,18.562435401923405,0.3099194086585706,0.46307157849464275,60.4612177404419,64.84259071127448,4.3813729708325795,253.68759806160458,264.33300087177605,4.1100306945672305,1368,6.444591211797658,borderline
82,(111),(001),"[[-5,-2],[-1,3]]","[[-1,0],[-1,1]]",17,1,7.693748948402272,7.866274404095588,2.21754751628468,18.16022790275733,18.562435401923405,2.190513775262092,2.21754751628468,63.00449159888308,64.84259071127448,1.8380991123914043,124.49661257629641,132.16650043588803,5.9766187432063935,748,6.524451508092786,reasonable
83,(111),(001),"[[-5,-2],[-1,3]]","[[-1,-1],[-1,0]]",17,1,7.693748948402272,7.866274404095588,2.21754751628468,18.16022790275733,18.54145616100567,2.0774428638534324,2.21754751628468,63.00449159888308,64.98098134685826,1.9764897479751795,124.49661257629641,132.16650043588803,5.9766187432063935,748,6.584445728321358,reasonable
84,(110),(100),"[[-5,-1],[-4,-4]]","[[-2,0],[-2,1]]",16,2,15.110222971731558,15.732548808191176,4.035472822612683,20.146963962308746,20.222600590382086,0.37472104993660976,4.035472822612683,38.94244126898137,39.77997788127772,0.8375366122963541,191.3431689517737,203.56742417842187,6.190897605331162,920,6.588549311191545,reasonable
85,(111),(010),"[[-5,-2],[-5,4]]","[[-1,-1],[-1,0]]",30,1,13.325964079312355,12.940667250724927,2.933736144130679,18.16022790275733,17.71462942192158,2.4841825950857084,2.933736144130679,65.20871910285511,64.27930898061642,0.9294101222386928,219.69990454640546,206.5261941289576,6.181559720716059,1164,6.5919347203730325,reasonable
86,(111),(001),"[[-6,-5],[-6,1]]","[[-3,1],[-2,0]]",36,2,16.190857028901362,15.732548808191176,2.8712990277351165,27.740206334011535,28.98911181003824,4.403033623127368,4.403033623127368,35.94378396574399,35.421382700406134,0.5224012653378551,263.63988545568657,264.33300087177605,0.26255720096186724,1560,6.611438477659834,reasonable
87,(100),(001),"[[-5,-4],[-5,2]]","[[-2,0],[-1,-1]]",30,2,15.659864137114484,15.732548808191176,0.46307157849464275,18.62005327644167,18.54145616100567,0.4230028146101026,0.46307157849464275,60.4612177404419,64.98098134685826,4.519763606416355,253.68759806160458,264.33300087177605,4.1100306945672305,1368,6.652959244586277,borderline
88,(111),(001),"[[-6,0],[-4,-3]]","[[-1,-1],[0,-1]]",18,1,17.447782600488967,16.801682335706975,3.772907202992084,17.688453039840585,18.54145616100567,4.708833888797933,4.708833888797933,25.2849960460518,25.103381294499172,0.18161475155262607,131.8199427278433,132.16650043588803,0.26255720096184565,780,6.658025872273452,reasonable
89,(110),(100),"[[-4,-6],[-2,-5]]","[[-3,-1],[-2,-1]]",8,1,21.36908225710426,20.518146776794502,4.062982918354936,27.279118161102158,27.081283302046817,0.7278638631447694,4.062982918354936,9.446232772415021,10.55486533577092,1.1086325633558989,95.67158447588685,101.78371208921091,6.190897605331134,460,6.7044767992598056,reasonable
90,(110),(001),"[[-6,-4],[-3,-4]]","[[-2,1],[-1,1]]",12,1,18.620053276441674,18.562435401923405,0.3099194086585897,23.97968353154333,23.034496582131105,4.020859013714078,4.020859013714078,18.747790612114613,18.00537396116304,0.7424166509515722,143.50737671383027,132.166500435888,8.227748232947768,588,6.714751594086062,borderline
91,(110),(100),"[[-3,-6],[-3,-3]]","[[-1,-2],[-1,-1]]",9,1,15.11022297173156,15.243009382123471,0.8749408224066604,26.17167390073345,27.161408925798533,3.711523777030618,3.711523777030618,15.793169048263943,14.231571802537184,1.5615972457267588,107.63053253537271,101.78371208921094,5.583975871978862,492,6.7376495829922565,reasonable
92,(100),(100),"[[-5,-5],[-4,3]]","[[-2,1],[-1,-1]]",35,3,14.539818833740807,15.243009382123471,4.722120701808297,20.562408989124002,20.222600590382086,1.6663396784521767,4.722120701808297,81.86989764584402,82.13161973852742,0.2617220926833994,295.96886440520535,305.35113626763285,3.120558721455912,1732,6.759339388287589,reasonable
93,(100),(001),"[[-6,-2],[-2,2]]","[[-1,0],[-1,1]]",16,1,8.224963595649601,7.866274404095588,4.458192608420726,18.391577712333604,18.562435401923405,0.9247043835890417,4.458192608420726,63.43494882292202,64.84259071127448,1.4076418883524653,135.30005229952243,132.16650043588803,2.3431354923351893,716,6.787351407642344,reasonable
94,(100),(100),"[[-5,-2],[-4,3]]","[[-2,0],[-1,-1]]",23,2,14.539818833740807,15.243009382123471,4.722120701808297,15.659864137114484,15.732548808191176,0.46307157849464275,4.722120701808297,58.67130713219584,58.088402380194886,0.5829047520009567,194.49382518056353,203.56742417842187,4.55889590482366,1144,6.81145570927443,reasonable
95,(110),(001),"[[-6,-4],[-3,-4]]","[[-2,-1],[-1,-1]]",12,1,18.620053276441674,18.54145616100567,0.4230028146101216,23.97968353154333,23.000678464602757,4.1677204063301305,4.1677204063301305,18.747790612114613,18.053863315394587,0.6939272967200267,143.50737671383027,132.16650043588805,8.227748232947723,588,6.822608687061332,borderline
96,(100),(001),"[[-6,-2],[-2,2]]","[[-1,-1],[-1,0]]",16,1,8.224963595649601,7.866274404095588,4.458192608420726,18.391577712333604,18.54145616100567,0.8116227287802542,4.458192608420726,63.43494882292202,64.98098134685826,1.5460325239362405,135.30005229952243,132.16650043588803,2.3431354923351893,716,6.904128786774796,reasonable
97,(110),(001),"[[-3,-4],[0,-4]]","[[-1,-1],[0,-1]]",12,1,16.449927191299203,16.801682335706975,2.115718002294502,18.620053276441674,18.54145616100567,0.4230028146101216,2.115718002294502,27.938352729602364,25.103381294499172,2.834971435103192,143.50737671383027,132.16650043588803,8.227748232947746,588,6.932110951524614,borderline
98,(110),(010),"[[-4,-6],[-1,3]]","[[-2,-1],[-1,0]]",18,1,12.675520190733117,12.940667250724927,2.070152403418841,27.279118161102158,26.081437835939578,4.489009916721924,4.489009916721924,38.50207782898377,37.727674776534904,0.7744030524488679,215.26106507074542,206.5261941289576,4.141837265716047,780,6.936123720345053,reasonable
99,(110),(001),"[[-3,-4],[0,-4]]","[[-1,1],[0,-1]]",12,1,16.449927191299203,16.801682335706975,2.115718002294502,18.620053276441674,18.562435401923405,0.3099194086585897,2.115718002294502,27.938352729602364,25.07304664736813,2.865306082234234,143.50737671383027,132.16650043588803,8.227748232947746,588,6.943152411956487,borderline
100,(110),(100),"[[-3,-3],[-2,-5]]","[[-2,1],[-1,1]]",9,1,15.11022297173156,15.04423307335817,0.4376792489621818,21.36908225710426,20.222600590382086,5.513033319311644,5.513033319311644,19.471220634490695,19.54565345472671,0.07443282023601583,107.6305325353727,101.78371208921095,5.583975871978835,492,6.967607683659695,borderline
101,(110),(100),"[[-6,-6],[-3,-6]]","[[-2,-2],[-1,-2]]",18,2,26.17167390073345,27.161408925798533,3.711523777030618,30.22044594346312,30.486018764246943,0.8749408224066604,3.711523777030618,15.793169048263943,14.231571802537184,1.5615972457267588,215.26106507074542,203.56742417842187,5.583975871978862,984,6.983649582992256,reasonable
102,(110),(100),"[[-4,-4],[-4,-2]]","[[-2,1],[-1,1]]",8,1,14.246054838069508,15.04423307335817,5.450122154499208,20.146963962308746,20.222600590382086,0.37472104993660976,5.450122154499208,19.471220634490695,19.54565345472671,0.07443282023601583,95.67158447588685,101.78371208921095,6.190897605331176,460,7.005601208600873,borderline
103,(110),(100),"[[-6,-5],[-4,-2]]","[[-1,1],[-1,2]]",8,1,14.246054838069508,15.04423307335817,5.450122154499208,26.9673465715471,26.938844858651372,0.10574560042007264,5.450122154499208,14.420068106472733,14.54543953636442,0.12537142989168615,95.67158447588685,101.78371208921092,6.1908976053311475,460,7.044698869605078,borderline
104,(111),(010),"[[-5,-5],[-5,1]]","[[-1,0],[-1,1]]",30,1,13.325964079312355,12.940667250724927,2.933736144130679,25.18370495288593,24.20137807753879,3.9782331630057373,3.9782331630057373,40.893394649130904,41.25753542340853,0.36414077427762237,219.69990454640543,206.5261941289576,6.181559720716047,1164,7.125442386892472,reasonable
105,(110),(100),"[[-6,-5],[-5,-1]]","[[-3,1],[-1,1]]",19,2,15.110222971731558,15.04423307335817,0.4376792489621701,26.9673465715471,26.745742586658135,0.8251396013968142,0.8251396013968142,33.891288740963454,30.392576130772742,3.4987126101907116,227.22001313023122,203.56742417842187,10.981095038230004,1016,7.136965068396907,borderline
106,(100),(001),"[[-6,-2],[-4,4]]","[[-2,0],[-1,1]]",32,2,16.449927191299203,15.732548808191176,4.458192608420726,18.391577712333604,18.562435401923405,0.9247043835890417,4.458192608420726,63.43494882292202,64.84259071127448,1.4076418883524653,270.60010459904487,264.33300087177605,2.3431354923351893,1432,7.1453514076423446,reasonable
107,(111),(010),"[[-5,3],[-3,-4]]","[[-1,0],[0,-1]]",29,1,12.675520190733115,12.940667250724927,2.0701524034188554,17.688453039840585,16.801682335706975,5.142170040667938,5.142170040667938,71.30177950757768,71.78190226445722,0.4801227568795383,212.37657439485864,206.5261941289576,2.7931924568163464,1132,7.147995295306287,borderline
108,(110),(010),"[[-6,0],[-2,-3]]","[[-1,-1],[-1,0]]",18,1,13.639559080551079,12.940667250724927,5.258734979271348,17.447782600488967,17.71462942192158,1.517795885347903,5.258734979271348,64.7605981793211,64.27930898061642,0.48128919870467257,215.26106507074542,206.5261941289576,4.141837265716047,780,7.1730466372034885,borderline
109,(110),(100),"[[-6,-6],[-2,-5]]","[[-2,1],[-2,2]]",18,2,21.36908225710426,20.222600590382086,5.513033319311644,30.22044594346312,30.08846614671634,0.4376792489621818,5.513033319311644,19.471220634490695,19.54565345472671,0.07443282023601583,215.2610650707454,203.5674241784219,5.583975871978835,984,7.213607683659695,borderline
110,(110),(001),"[[-3,-4],[-3,3]]","[[-2,0],[-1,1]]",21,2,15.11022297173156,15.732548808191176,4.035472822612672,18.620053276441674,18.562435401923405,0.3099194086585897,4.035472822612672,63.202742412357,64.84259071127448,1.6398482989174852,251.137909249203,264.33300087177605,5.11962609858089,1080,7.251129562016648,reasonable
111,(100),(001),"[[-6,-2],[-4,4]]","[[-2,0],[-1,-1]]",32,2,16.449927191299203,15.732548808191176,4.458192608420726,18.391577712333604,18.54145616100567,0.8116227287802542,4.458192608420726,63.43494882292202,64.98098134685826,1.5460325239362405,270.60010459904487,264.33300087177605,2.3431354923351893,1432,7.262128786774796,reasonable
112,(110),(010),"[[-2,-4],[-1,6]]","[[-2,-1],[-1,-1]]",16,1,17.447782600488964,17.71462942192158,1.5177958853479234,24.845653314343963,26.081437835939578,4.853151804601881,4.853151804601881,26.192589973860123,26.55163420408153,0.3590442302214072,191.3431689517737,206.52619412895763,7.632166025361023,716,7.328434346427626,reasonable
113,(110),(010),"[[-4,-3],[0,-4]]","[[-1,-1],[0,-1]]",16,1,16.449927191299203,16.801682335706975,2.115718002294502,16.956196835861668,17.71462942192158,4.375047657767605,4.375047657767605,43.31385665828306,43.938788754926364,0.6249320966433061,191.3431689517737,206.5261941289576,7.632166025361009,716,7.3691291512220705,reasonable
114,(100),(100),"[[-5,-1],[-2,2]]","[[-1,-1],[-1,0]]",12,1,8.224963595649601,7.866274404095588,4.458192608420726,14.827763991469649,15.243009382123471,2.7617872376935515,4.458192608420726,56.309932474020215,58.088402380194886,1.7784699061746707,101.47503922464182,101.78371208921094,0.30372405869255287,588,7.377540230318392,reasonable
115,(111),(010),"[[-5,-2],[-2,5]]","[[-1,-1],[-1,0]]",29,1,12.675520190733115,12.940667250724927,2.0701524034188554,18.16022790275733,17.71462942192158,2.4841825950857084,2.4841825950857084,67.31111069438452,64.27930898061642,3.031801713768104,212.3765743948586,206.5261941289576,2.793192456816333,1132,7.390121410678328,borderline
116,(110),(001),"[[-3,-4],[-3,3]]","[[-2,0],[-1,-1]]",21,2,15.11022297173156,15.732548808191176,4.035472822612672,18.620053276441674,18.54145616100567,0.4230028146101216,4.035472822612672,63.202742412357,64.98098134685826,1.7782389345012604,251.137909249203,264.33300087177605,5.11962609858089,1080,7.39974622772052,reasonable
117,(110),(010),"[[-4,-5],[-4,-1]]","[[-1,0],[-1,1]]",16,1,12.337445393474402,12.940667250724927,4.772681139143101,23.624409320351905,24.20137807753879,2.412793551674313,4.772681139143101,41.03257086894288,41.25753542340853,0.22496455446565022,191.3431689517737,206.5261941289576,7.632166025361009,716,7.45729996310641,reasonable
118,(111),(010),"[[-6,0],[-1,5]]","[[-1,0],[0,-1]]",30,1,13.325964079312355,12.940667250724927,2.933736144130679,17.447782600488967,16.801682335706975,3.772907202992084,3.772907202992084,70.89339464913091,71.78190226445722,0.8885076153263043,219.69990454640546,206.5261941289576,6.181559720716059,1164,7.486112030721751,reasonable
119,(110),(001),"[[-6,-2],[-6,0]]","[[-1,1],[0,-1]]",12,1,17.447782600488967,16.801682335706975,3.772907202992084,19.289249436504438,18.562435401923405,3.8403259336195,3.8403259336195,25.23940182067893,25.07304664736813,0.16635517331079797,143.50737671383027,132.16650043588803,8.227748232947746,588,7.489484673382603,borderline
120,(100),(100),"[[-5,-1],[-3,-3]]","[[-1,1],[0,-1]]",12,1,12.337445393474402,12.940667250724927,4.772681139143101,14.827763991469649,15.04423307335817,1.4493110816711887,4.772681139143101,33.690067525979785,31.52155132699457,2.168516198985216,101.47503922464183,101.78371208921092,0.3037240586925249,588,7.511145117976735,reasonable
121,(110),(001),"[[-5,-6],[-5,-4]]","[[-3,-1],[-2,-1]]",10,1,21.954644982714903,23.000678464602757,4.653657906003864,28.640121631478014,28.948806004646304,1.072026814316505,4.653657906003864,10.963975442737745,11.4489783115294,0.4850028687916552,119.58948059485853,132.16650043588794,9.991436779008165,524,7.520829293298084,borderline
122,(110),(001),"[[-6,-2],[-6,0]]","[[-1,-1],[0,-1]]",12,1,17.447782600488967,16.801682335706975,3.772907202992084,19.289249436504438,18.54145616100567,3.9533667886331245,3.9533667886331245,25.23940182067893,25.103381294499172,0.13602052617975602,143.50737671383027,132.16650043588803,8.227748232947746,588,7.540360903241694,borderline
123,(100),(010),"[[-6,-6],[-6,-2]]","[[-2,-1],[-1,-1]]",24,1,18.391577712333604,17.71462942192158,3.7497612966928378,24.674890786948804,26.081437835939578,5.54235141568729,5.54235141568729,26.565051177077994,26.55163420408153,0.013416972996463272,202.95007844928367,206.52619412895763,1.7466778512743495,972,7.540416685835482,borderline
124,(110),(001),"[[-6,-4],[-6,-2]]","[[-2,1],[-1,1]]",12,1,19.289249436504438,18.562435401923405,3.8403259336195,23.97968353154333,23.034496582131105,4.020859013714078,4.020859013714078,18.074454837604154,18.00537396116304,0.06908087644111305,143.50737671383027,132.166500435888,8.227748232947768,588,7.568793334009876,borderline
125,(110),(001),"[[-5,-6],[-5,-4]]","[[-3,1],[-2,1]]",10,1,21.954644982714903,23.034496582131105,4.800498795291463,28.640121631478014,28.98911181003824,1.2111567609671223,4.800498795291463,10.963975442737745,11.415834049705278,0.45185860696753366,119.58948059485853,132.166500435888,9.99143677900821,524,7.6630740962842605,borderline
126,(100),(100),"[[-5,-1],[-4,4]]","[[-2,0],[-1,-1]]",24,2,14.827763991469649,15.243009382123471,2.7617872376935515,16.449927191299203,15.732548808191176,4.458192608420726,4.458192608420726,56.309932474020215,58.088402380194886,1.7784699061746707,202.95007844928364,203.56742417842187,0.30372405869255287,1176,7.671540230318392,reasonable
127,(110),(001),"[[-6,-4],[-6,-2]]","[[-2,-1],[-1,-1]]",12,1,19.289249436504438,18.54145616100567,3.9533667886331245,23.97968353154333,23.000678464602757,4.1677204063301305,4.1677204063301305,18.074454837604154,18.053863315394587,0.020591522209567614,143.50737671383027,132.16650043588805,8.227748232947723,588,7.704616980464435,borderline
128,(110),(001),"[[-4,-5],[-1,4]]","[[-2,1],[0,-1]]",21,2,16.70498003194751,16.801682335706975,0.5772123925587734,23.624409320351905,23.034496582131105,2.5286179639690483,2.5286179639690483,39.52119635864216,43.07842060853116,3.5572242498890034,251.137909249203,264.33300087177605,5.11962609858089,1080,7.714811543552055,borderline
129,(100),(010),"[[-5,-4],[-4,2]]","[[-1,-1],[-1,0]]",26,1,13.00480931711046,12.940667250724927,0.49443737306448876,18.62005327644167,17.71462942192158,4.983799429523446,4.983799429523446,65.22485943116808,64.27930898061642,0.9455504505516643,219.86258498672396,206.5261941289576,6.255507419977451,1036,7.722917609369241,reasonable
130,(100),(100),"[[-5,-1],[-3,4]]","[[-1,-1],[-1,1]]",23,2,14.539818833740807,15.04423307335817,3.4100416075617015,14.827763991469649,15.243009382123471,2.7617872376935515,3.4100416075617015,64.4400348281762,62.5859662838007,1.8540685443754938,194.49382518056348,203.56742417842187,4.558895904823689,1144,7.725996823945357,reasonable
131,(110),(001),"[[-6,-6],[-6,-4]]","[[-3,1],[-2,1]]",12,1,23.97968353154333,23.034496582131105,4.020859013714078,30.22044594346312,28.98911181003824,4.159241109521935,4.159241109521935,11.42175365896228,11.415834049705278,0.005919609257000857,143.5073767138303,132.166500435888,8.227748232947787,588,7.730501132621569,borderline
132,(100),(100),"[[-3,-3],[-2,2]]","[[-1,0],[0,-1]]",12,1,8.224963595649601,7.866274404095588,4.458192608420726,12.337445393474402,12.940667250724927,4.772681139143101,4.772681139143101,90.0,89.15281733700098,0.8471826629990176,101.47503922464183,101.78371208921094,0.3037240586925389,588,7.732927902674235,reasonable
133,(100),(010),"[[-6,-2],[-3,3]]","[[-1,-1],[-1,0]]",24,1,12.337445393474402,12.940667250724927,4.772681139143101,18.391577712333604,17.71462942192158,3.7497612966928378,4.772681139143101,63.43494882292201,64.27930898061642,0.8443601576944104,202.95007844928367,206.5261941289576,1.7466778512743357,972,7.749225778794058,reasonable
134,(100),(100),"[[-6,-5],[-1,5]]","[[-3,0],[-1,1]]",35,3,14.827763991469649,15.04423307335817,1.4493110816711887,22.711923066793116,23.59882321228676,3.8302131438304508,3.8302131438304508,61.50436138175502,59.32563133600442,2.178730045750598,295.9688644052053,305.35113626763285,3.120558721455931,1732,7.764087245277215,reasonable
135,(100),(100),"[[-6,-6],[-5,-1]]","[[-1,1],[0,-2]]",24,2,14.827763991469649,15.04423307335817,1.4493110816711887,24.674890786948804,25.881334501449853,4.772681139143101,4.772681139143101,33.690067525979785,31.52155132699457,2.168516198985216,202.95007844928367,203.56742417842185,0.3037240586925249,1176,7.8051451179767355,reasonable
136,(111),(010),"[[-6,0],[-5,-5]]","[[-1,1],[0,-1]]",30,1,17.447782600488967,16.801682335706975,3.772907202992084,25.18370495288593,24.20137807753879,3.9782331630057373,3.9782331630057373,30.000000000000018,30.524366841048703,0.5243668410486855,219.69990454640546,206.5261941289576,6.181559720716059,1164,7.825485353148512,reasonable
137,(111),(010),"[[-6,-3],[-5,2]]","[[-1,0],[-1,1]]",27,1,12.675520190733115,12.940667250724927,2.0701524034188554,23.081246845206817,24.20137807753879,4.7380247359876515,4.7380247359876515,42.51982979723964,41.25753542340853,1.2622943738311108,197.7299140917649,206.5261941289576,4.351835313464187,1068,7.83719423036751,reasonable
138,(110),(001),"[[-6,0],[0,-2]]","[[-1,0],[0,-1]]",12,1,8.224963595649601,7.866274404095588,4.458192608420726,17.447782600488967,16.801682335706975,3.772907202992084,4.458192608420726,90.0,89.91563735864257,0.08436264135742988,143.50737671383027,132.16650043588803,8.227748232947746,588,7.864315535683109,borderline
139,(110),(001),"[[-6,-2],[0,-2]]","[[-1,0],[-1,1]]",12,1,8.224963595649601,7.866274404095588,4.458192608420726,19.289249436504438,18.562435401923405,3.8403259336195,4.458192608420726,64.7605981793211,64.84259071127448,0.0819925319533894,143.50737671383027,132.16650043588803,8.227748232947746,588,7.905723056983683,borderline
140,(110),(001),"[[-4,-5],[-1,4]]","[[-2,-1],[0,-1]]",21,2,16.70498003194751,16.801682335706975,0.5772123925587734,23.624409320351905,23.000678464602757,2.67551605961981,2.67551605961981,39.52119635864216,43.15724460989378,3.636048251251623,251.137909249203,264.33300087177605,5.11962609858089,1080,7.937044959147628,borderline
141,(100),(100),"[[-6,-6],[-5,1]]","[[-3,0],[-1,-1]]",36,3,14.827763991469649,15.243009382123471,2.7617872376935515,24.674890786948804,23.59882321228676,4.458192608420742,4.458192608420742,56.309932474020215,58.088402380194886,1.7784699061746707,304.42511767392546,305.35113626763285,0.30372405869256686,1764,7.965540230318408,reasonable
142,(110),(010),"[[-2,-6],[-2,3]]","[[-2,-1],[-1,0]]",18,1,13.639559080551079,12.940667250724927,5.258734979271348,25.351040381466234,26.081437835939578,2.840218786992701,5.258734979271348,38.50207782898377,37.727674776534904,0.7744030524488679,215.26106507074542,206.5261941289576,4.141837265716047,780,7.969486689266714,borderline
143,(100),(100),"[[-4,-4],[-3,3]]","[[-2,0],[0,-1]]",24,2,12.337445393474402,12.940667250724927,4.772681139143101,16.449927191299203,15.732548808191176,4.458192608420726,4.772681139143101,90.0,89.15281733700098,0.8471826629990176,202.95007844928367,203.56742417842187,0.3037240586925389,1176,8.026927902674235,reasonable
144,(100),(001),"[[-6,-5],[-6,-2]]","[[-2,-1],[-1,-1]]",18,1,18.391577712333604,18.54145616100567,0.8116227287802542,22.711923066793116,23.000678464602757,1.2633514091790257,1.2633514091790257,21.37062226934318,18.053863315394587,3.316758953948593,152.21255883696273,132.16650043588805,14.098125545764079,780,8.027979293830162,borderline
145,(100),(010),"[[-6,-2],[-3,-5]]","[[-1,-1],[0,-1]]",24,1,16.956196835861668,16.801682335706975,0.9154277694365809,18.391577712333604,17.71462942192158,3.7497612966928378,3.7497612966928378,40.60129464500448,43.938788754926364,3.3374941099218844,202.95007844928364,206.5261941289576,1.7466778512743495,972,8.032715401701575,borderline
146,(100),(010),"[[-6,-1],[-2,4]]","[[-1,0],[0,-1]]",26,1,13.00480931711046,12.940667250724927,0.49443737306448876,17.688453039840585,16.801682335706975,5.142170040667938,5.142170040667938,72.89727103094764,71.78190226445722,1.1153687664904197,219.86258498672396,206.5261941289576,6.255507419977451,1036,8.050356529047006,borderline
147,(110),(010),"[[-6,-4],[-6,-1]]","[[-1,1],[0,-1]]",18,1,17.925892563868775,16.801682335706975,6.474452831289029,23.97968353154333,24.20137807753879,0.9202559619552766,6.474452831289029,30.051180649978203,30.524366841048703,0.4731861910705,215.26106507074542,206.5261941289576,4.141837265716047,780,8.231080423736884,borderline
148,(100),(001),"[[-6,-5],[-6,-2]]","[[-2,1],[-1,1]]",18,1,18.391577712333604,18.562435401923405,0.9247043835890417,22.711923066793116,23.034496582131105,1.4102678103053474,1.4102678103053474,21.37062226934318,18.00537396116304,3.3652483081801385,152.21255883696273,132.166500435888,14.098125545764123,780,8.261270017724529,borderline
149,(111),(010),"[[-5,-1],[-2,5]]","[[-1,0],[0,-1]]",27,1,12.675520190733115,12.940667250724927,2.0701524034188554,16.190857028901362,16.801682335706975,3.7028086868684924,3.7028086868684924,74.46494888174345,71.78190226445722,2.6830466172862373,197.72991409176487,206.5261941289576,4.351835313464202,1068,8.329621023441868,reasonable
150,(110),(010),"[[-4,-1],[0,-4]]","[[-1,0],[0,-1]]",16,1,12.337445393474402,12.940667250724927,4.772681139143101,16.449927191299203,16.801682335706975,2.115718002294502,4.772681139143101,70.52877936550931,71.78190226445722,1.2531228989479075,191.3431689517737,206.5261941289576,7.632166025361009,716,8.358164107037126,reasonable
151,(100),(001),"[[-6,-5],[-1,-6]]","[[-2,1],[0,-1]]",31,2,17.688453039840585,16.801682335706975,5.142170040667938,22.711923066793116,23.034496582131105,1.4102678103053474,5.142170040667938,40.73210669970919,43.07842060853116,2.346313908821969,262.1438513303247,264.33300087177605,0.8316223333636652,1400,8.544689390247498,borderline
152,(100),(001),"[[-6,-5],[-1,-6]]","[[-2,-1],[0,-1]]",31,2,17.688453039840585,16.801682335706975,5.142170040667938,22.711923066793116,23.000678464602757,1.2633514091790257,5.142170040667938,40.73210669970919,43.15724460989378,2.4251379101845885,262.1438513303247,264.33300087177605,0.8316223333636652,1400,8.58655156498414,borderline
153,(111),(010),"[[-6,-5],[-6,0]]","[[-2,-1],[-1,-1]]",30,1,17.447782600488967,17.71462942192158,1.517795885347903,27.740206334011535,26.081437835939578,6.163945838719122,6.163945838719122,26.995508401116926,26.55163420408153,0.4438741970353952,219.69990454640546,206.52619412895763,6.181559720716045,1164,8.610251409608177,borderline
154,(100),(001),"[[-6,0],[-4,-5]]","[[-1,-1],[-1,1]]",30,2,17.447782600488967,18.54145616100567,6.077781015400849,18.62005327644167,18.562435401923405,0.3099194086585706,6.077781015400849,51.34019174590991,50.176427941867274,1.1637638040426381,253.68759806160458,264.33300087177605,4.1100306945672305,1368,8.755447564308554,borderline
155,(100),(001),"[[-6,-5],[-6,0]]","[[-2,1],[0,-1]]",30,2,17.447782600488967,16.801682335706975,3.772907202992084,22.711923066793116,23.034496582131105,1.4102678103053474,3.772907202992084,39.80557109226519,43.07842060853116,3.272849516265971,253.68759806160455,264.33300087177605,4.110030694567242,1368,8.806719116019792,borderline
156,(100),(001),"[[-6,-5],[-6,0]]","[[-2,-1],[0,-1]]",30,2,17.447782600488967,16.801682335706975,3.772907202992084,22.711923066793116,23.000678464602757,1.2633514091790257,3.772907202992084,39.80557109226519,43.15724460989378,3.3516735176285906,253.68759806160455,264.33300087177605,4.110030694567242,1368,8.836484193769794,borderline
157,(111),(010),"[[-6,-3],[-1,-5]]","[[-1,1],[0,-1]]",27,1,16.190857028901362,16.801682335706975,3.7028086868684924,23.081246845206817,24.20137807753879,4.7380247359876515,4.7380247359876515,31.94511908450382,30.524366841048703,1.4207522434551159,197.7299140917649,206.5261941289576,4.351835313464187,1068,8.838410465769249,reasonable
158,(100),(001),"[[-6,-1],[-5,4]]","[[-1,-1],[-1,1]]",29,2,17.688453039840585,18.54145616100567,4.708833888797933,18.62005327644167,18.562435401923405,0.3099194086585706,4.708833888797933,48.12213046211571,50.176427941867274,2.054297479751561,245.2313447928844,264.33300087177605,7.497249853294194,1336,8.94076923804342,reasonable
159,(110),(010),"[[-6,-4],[-2,-4]]","[[-1,1],[0,-1]]",16,1,17.447782600488964,16.801682335706975,3.7729072029920645,23.97968353154333,24.20137807753879,0.9202559619552766,3.7729072029920645,27.214922707226243,30.524366841048703,3.30944413382246,191.34316895177372,206.5261941289576,7.632166025360995,716,9.077393760632006,borderline
160,(111),(010),"[[-6,0],[-5,-5]]","[[-2,-1],[-1,-1]]",30,1,17.447782600488967,17.71462942192158,1.517795885347903,25.18370495288593,26.081437835939578,3.502313011207811,3.502313011207811,30.000000000000018,26.55163420408153,3.4483657959184875,219.69990454640546,206.52619412895763,6.181559720716045,1164,9.083731679692962,borderline
161,(100),(010),"[[-6,-1],[-3,-5]]","[[-1,-1],[0,-1]]",27,1,16.956196835861668,16.801682335706975,0.9154277694365809,17.688453039840585,17.71462942192158,0.1478762879433805,0.9154277694365809,49.573921259900864,43.938788754926364,5.6351325049745,228.31883825544412,206.5261941289576,10.02317722568434,1068,9.101062616111097,poor
162,(100),(010),"[[-6,-5],[-6,-1]]","[[-1,1],[0,-1]]",24,1,17.688453039840585,16.801682335706975,5.142170040667938,22.711923066793116,24.20137807753879,6.3498196648463,6.3498196648463,30.34324888423957,30.524366841048703,0.1811179568091319,202.95007844928358,206.5261941289576,1.7466778512743777,972,9.187262697716061,borderline
163,(100),(001),"[[-5,-2],[-2,5]]","[[-2,0],[0,-1]]",29,2,15.659864137114484,15.732548808191176,0.46307157849464275,15.659864137114484,16.801682335706975,7.034897117723469,7.034897117723469,90.0,89.91563735864257,0.08436264135742988,245.23134479288439,264.33300087177605,7.497249853294205,1336,9.301934082158716,borderline
164,(111),(010),"[[-6,-5],[-5,1]]","[[-2,-1],[-1,0]]",31,1,13.325964079312355,12.940667250724927,2.933736144130679,27.740206334011535,26.081437835939578,6.163945838719122,6.163945838719122,37.88890305024781,37.727674776534904,0.16122827371290782,227.0232346979523,206.5261941289576,9.455457304813068,1196,9.476814887097555,borderline
165,(111),(010),"[[-5,-5],[-5,1]]","[[-2,-1],[-1,0]]",30,1,13.325964079312355,12.940667250724927,2.933736144130679,25.18370495288593,26.081437835939578,3.502313011207811,3.502313011207811,40.893394649130904,37.727674776534904,3.165719872596,219.69990454640543,206.5261941289576,6.181559720716047,1164,9.552730120616832,borderline
166,(111),(010),"[[-6,-4],[-6,1]]","[[-1,1],[0,-1]]",30,1,16.190857028901362,16.801682335706975,3.7028086868684924,25.35104038146623,24.20137807753879,4.640186451761424,4.640186451761424,32.3615000109976,30.524366841048703,1.837133169948899,219.69990454640546,206.5261941289576,6.181559720716059,1164,9.591952713570027,reasonable
167,(110),(010),"[[-6,-5],[0,-3]]","[[-2,-1],[-1,0]]",18,1,12.337445393474402,12.940667250724927,4.772681139143101,26.9673465715471,26.081437835939578,3.3399775150455486,4.772681139143101,40.3155422107726,37.727674776534904,2.587867434237694,215.26106507074542,206.5261941289576,4.141837265716047,780,9.631519005511292,reasonable
168,(111),(010),"[[-6,-4],[-5,1]]","[[-2,-1],[-1,0]]",26,1,13.325964079312355,12.940667250724927,2.933736144130679,25.35104038146623,26.081437835939578,2.840218786992715,2.933736144130679,34.30661909550143,37.727674776534904,3.4210556810334722,190.40658394021804,206.5261941289576,8.12208569277204,1036,9.646810978663751,borderline
169,(110),(010),"[[-6,-6],[-1,-4]]","[[-1,-2],[0,-1]]",18,1,16.70498003194751,16.801682335706975,0.5772123925587734,30.22044594346312,32.01169131486261,5.75665709170176,5.75665709170176,25.23940182067891,22.580714437440985,2.6586873832379254,215.26106507074542,206.5261941289576,4.141837265716047,780,9.662577718330839,borderline
170,(111),(010),"[[-6,-1],[-1,-5]]","[[-1,-1],[0,-1]]",29,1,16.190857028901362,16.801682335706975,3.7028086868684924,19.068793631348747,17.71462942192158,7.362904792553136,7.362904792553136,43.46263496639797,43.938788754926364,0.47615378852839285,212.3765743948586,206.5261941289576,2.793192456816333,1132,9.842343053608383,borderline
171,(100),(010),"[[-5,-3],[-3,3]]","[[-1,0],[0,-1]]",24,1,12.337445393474402,12.940667250724927,4.772681139143101,16.956196835861668,16.801682335706975,0.9154277694365809,4.772681139143101,75.96375653207353,71.78190226445722,4.181854267616316,202.95007844928367,206.5261941289576,1.7466778512743357,972,9.876870203593596,borderline
172,(111),(010),"[[-6,-4],[-6,0]]","[[-2,-1],[-1,-1]]",24,1,17.447782600488967,17.71462942192158,1.517795885347903,25.35104038146623,26.081437835939578,2.840218786992715,2.840218786992715,23.413224446370553,26.55163420408153,3.1384097577109777,175.75992363712436,206.52619412895763,16.09593917331778,972,10.063930976911823,poor
173,(100),(010),"[[-5,-3],[-1,4]]","[[-1,0],[0,-1]]",23,1,11.989841765771663,12.940667250724927,7.627806430459157,16.956196835861668,16.801682335706975,0.9154277694365809,7.627806430459157,73.07248693585295,71.78190226445722,1.2905846713957345,194.4938251805635,206.5261941289576,6.000881935575937,940,10.643302235856456,borderline
174,(100),(010),"[[-6,-1],[-2,4]]","[[-1,-1],[-1,0]]",26,1,13.00480931711046,12.940667250724927,0.49443737306448876,17.688453039840585,17.71462942192158,0.1478762879433805,0.49443737306448876,72.89727103094764,64.27930898061642,8.617962050331215,219.86258498672396,206.5261941289576,6.255507419977451,1036,10.903140769262357,poor
175,(100),(010),"[[-6,-1],[-4,-5]]","[[-1,-1],[0,-1]]",26,1,17.688453039840585,16.801682335706975,5.142170040667938,18.62005327644167,17.71462942192158,4.983799429523446,5.142170040667938,41.87786953788429,43.938788754926364,2.060919217042077,219.86258498672393,206.5261941289576,6.255507419977438,1036,10.99103805060886,borderline
176,(100),(010),"[[-5,-4],[-1,4]]","[[-1,-1],[-1,0]]",24,1,11.989841765771663,12.940667250724927,7.627806430459157,18.62005327644167,17.71462942192158,4.983799429523446,7.627806430459157,65.37643521383639,64.27930898061642,1.0971262332199672,202.9500784492836,206.5261941289576,1.7466778512743635,972,11.044085571732191,borderline
177,(100),(010),"[[-6,-1],[-1,-4]]","[[-1,-1],[-1,0]]",23,1,11.989841765771663,12.940667250724927,7.627806430459157,17.688453039840585,17.71462942192158,0.1478762879433805,7.627806430459157,66.50143432404789,64.27930898061642,2.222125343431472,194.49382518056348,206.5261941289576,6.0008819355759515,940,11.521541426420033,borderline
178,(100),(010),"[[-6,0],[-5,-4]]","[[-1,-1],[0,-1]]",24,1,17.447782600488967,16.801682335706975,3.772907202992084,18.62005327644167,17.71462942192158,4.983799429523446,4.983799429523446,38.65980825409008,43.938788754926364,5.278980500836283,202.95007844928367,206.5261941289576,1.7466778512743357,972,12.365162855016331,poor
179,(100),(010),"[[-6,-2],[-5,3]]","[[-1,-1],[0,-1]]",28,1,16.956196835861668,16.801682335706975,0.9154277694365809,18.391577712333604,17.71462942192158,3.7497612966928378,3.7497612966928378,49.39870535499554,43.938788754926364,5.459916600069178,236.77509152416428,206.5261941289576,13.647105647636714,1100,12.599223451121343,poor
180,(100),(010),"[[-6,0],[-2,-4]]","[[-1,0],[0,-1]]",24,1,13.00480931711046,12.940667250724927,0.49443737306448876,17.447782600488967,16.801682335706975,3.772907202992084,3.772907202992084,63.43494882292201,71.78190226445722,8.346953441535206,202.95007844928367,206.5261941289576,1.7466778512743357,972,12.987456166892786,poor
