x_center_A,z22,z26,z30,z34,z38,z42,z46,z50,z54,z58,z62,z66,z70,z74,z78,z82,z86,z90,z94,z98,z102,z106,z110,z114,z118
2.0,284.69,40.51,-149.11,-184.18,-138.45,-331.82,-518.21,-361.09,781.94,1139.72,1095.09,1093.10,543.00,274.65,-406.26,-392.29,-163.31,-274.95,-155.61,-108.79,-117.63,-170.11,-156.65,-85.54,-7.11
6.0,140.17,186.65,-32.45,-59.33,-97.11,-180.28,-113.24,-21.29,676.25,540.95,575.93,1402.46,1238.92,-610.88,-829.41,-550.02,-244.58,-277.21,-138.08,-85.67,-130.44,-10.00,-163.68,-34.11,-59.99
10.0,-118.20,-53.11,43.85,56.78,56.48,240.76,488.18,413.20,-23.57,-33.61,-309.73,-138.68,-373.44,-213.32,377.69,138.52,-58.93,-99.74,-158.48,-54.39,-113.82,-105.17,-35.69,12.65,-71.94
14.0,-285.69,180.30,259.28,307.51,286.60,253.41,203.68,225.58,67.29,-156.63,21.08,-276.34,-31.97,-7.18,72.04,228.65,58.31,-43.49,-21.35,-54.26,-27.35,-112.51,-28.03,30.78,-23.24
18.0,612.20,384.57,200.70,111.51,218.93,114.52,72.33,167.23,36.32,4.67,-13.84,-275.49,-37.39,222.33,81.22,83.34,44.97,-2.32,11.36,-125.18,-32.60,-126.27,-24.07,26.64,-11.76
22.0,186.67,35.09,188.99,210.91,225.26,249.77,227.97,92.17,24.52,75.30,-55.20,-55.13,34.15,152.66,154.50,98.58,13.93,38.26,101.45,54.40,123.04,30.94,77.71,56.77,-10.90
26.0,-165.76,237.44,242.90,188.20,169.19,120.21,206.93,51.73,14.01,18.08,-64.53,-89.06,-85.92,-83.19,145.20,88.94,88.82,20.29,44.71,-31.82,-43.26,46.72,-38.31,-40.23,16.27
30.0,80.00,220.47,165.43,163.87,201.26,180.48,152.54,-47.70,-6.24,89.60,-48.68,-65.02,-32.18,-10.77,22.70,14.88,42.49,-33.66,-59.92,-11.16,-15.38,-53.35,47.81,-2.32,125.10
34.0,85.04,6.28,97.01,47.36,186.41,128.85,110.28,16.10,55.61,-57.73,-89.16,-123.70,-51.39,33.16,64.65,31.83,44.86,124.21,-25.69,17.37,53.13,146.64,117.47,-11.54,52.44
38.0,186.48,43.75,98.82,90.47,170.38,169.57,150.69,31.22,29.28,-13.23,17.46,-31.86,18.02,41.11,35.46,106.76,18.69,67.38,82.12,22.87,40.35,39.61,112.68,61.33,-59.39
42.0,-252.09,287.20,168.56,43.75,175.85,212.67,134.84,63.18,25.91,-23.19,-86.58,-5.62,40.87,-9.63,21.38,94.22,2.04,136.83,41.14,-68.78,107.93,69.48,-6.01,-42.35,-24.44
46.0,-225.89,-46.42,58.38,60.06,338.62,190.45,49.89,27.32,-30.05,-26.08,-139.24,-145.11,-131.26,-54.53,-41.79,89.44,-22.68,64.36,36.91,2.30,119.70,21.79,48.22,107.68,39.73
50.0,,,-768.50,-347.51,214.93,78.58,28.33,-7.35,-56.80,-174.43,-106.81,-122.10,-97.22,7.15,-12.79,12.55,-54.59,6.39,-10.43,-50.68,21.32,-11.06,15.19,18.11,65.06
54.0,,,,-742.17,252.84,64.19,-82.20,-216.03,-94.76,-191.93,-99.37,-135.81,-139.02,-93.45,-162.34,-108.88,3.84,4.47,-4.13,-124.07,-65.87,-62.93,4.72,56.23,20.23
58.0,,,,,61.61,-173.22,-256.13,-327.36,-137.60,-186.28,-172.41,-94.79,-107.24,-83.99,-121.36,-137.12,-17.22,-38.73,-115.06,26.43,60.57,-23.91,56.44,38.39,-13.52
62.0,,,,,-643.12,-7.19,-329.75,-116.47,-114.07,-183.18,-106.94,-112.94,39.27,53.79,-46.26,9.02,100.28,33.17,2.17,-4.41,-39.16,-81.22,42.65,38.66,-97.97
66.0,,,,,,-952.15,-73.70,-58.55,-130.91,-95.29,-52.96,-55.44,-88.58,-33.13,-56.11,-131.66,-4.89,66.75,-20.99,74.70,11.11,-77.99,29.71,62.32,32.67
70.0,,,,,,-255.85,28.66,-356.91,-35.02,90.80,-69.11,-17.35,-37.90,-29.01,50.17,19.89,63.64,136.06,-7.29,-49.61,-65.05,-70.61,-74.37,24.44,-34.54
74.0,,,,,,,-665.19,-106.53,-24.12,-114.29,-126.58,-29.99,-13.51,-35.22,47.30,-7.39,-18.88,60.93,59.98,22.58,-47.30,81.90,46.40,-7.23,10.09
78.0,,,,,,2206.00,182.57,186.43,-192.08,-119.24,-134.52,-4.71,-69.66,-11.27,-45.64,-37.62,29.25,-35.58,1.25,-15.05,-8.26,66.22,57.23,74.28,9.67
82.0,,,,,,,-209.67,-437.95,-208.25,-175.04,-112.28,-126.53,-184.70,-90.29,-66.83,-17.71,4.93,-28.39,27.35,2.95,-40.52,50.96,123.47,89.42,85.12
86.0,,,,,,,278.93,268.27,20.19,63.19,21.61,-75.68,-111.28,-11.76,63.46,27.91,7.98,98.82,6.34,55.38,32.17,35.70,69.99,-0.71,20.33
90.0,,,,,,,209.71,-136.51,96.49,208.63,181.38,94.14,-67.50,-121.80,123.19,149.22,87.92,57.40,-3.90,94.18,4.33,6.96,27.03,-14.62,-2.37
94.0,,,,,,,-717.47,-164.41,35.56,226.82,214.75,112.83,-162.79,-160.42,-8.99,100.01,76.94,78.32,28.96,27.66,-2.88,-54.14,-13.16,17.52,89.01
98.0,,,,,,,333.32,21.29,-111.45,109.32,45.49,107.07,-79.58,-52.55,133.07,128.93,42.51,23.12,30.02,14.54,-24.82,-7.29,-20.19,-13.88,-86.06
102.0,,,,,,,-640.95,-376.53,-83.02,-77.03,-109.41,-19.09,248.49,302.87,81.69,5.97,-138.83,-141.70,-181.59,-146.75,-80.75,-77.58,42.97,4.55,17.89
106.0,,,,,,,207.31,-99.80,-178.45,-169.40,-93.92,-64.83,345.40,730.45,123.52,29.77,-72.36,-53.11,-29.07,-56.72,-82.14,-91.21,-53.53,-96.86,-78.30
110.0,,,,,,-725.24,-59.45,51.03,-127.31,-155.72,-67.78,111.03,373.75,496.01,285.85,86.35,14.43,-91.54,-57.68,-97.05,15.34,-17.75,-23.66,16.79,-33.93
114.0,,,,,,785.84,180.51,34.06,-134.26,-170.99,-132.36,15.93,417.27,651.26,162.09,-36.23,-32.88,-72.64,14.30,-95.64,49.99,6.41,-59.73,-28.75,-64.36
118.0,,,,,,-185.00,80.21,79.23,41.42,-18.10,0.32,55.68,206.41,218.69,176.53,-30.83,-8.77,-12.61,9.60,-56.32,-110.30,3.32,-85.04,-42.00,17.39
122.0,,,,,-1338.73,109.58,83.56,122.64,63.47,50.74,151.13,266.35,-14.38,-216.36,135.17,138.74,158.72,39.82,-7.86,13.64,-55.91,-47.89,-99.23,24.11,-11.78
126.0,,,,,61.18,452.96,384.46,229.41,191.73,222.79,91.32,197.08,-108.06,-215.06,-39.55,185.38,65.57,69.41,2.87,14.29,82.59,-14.96,-26.36,37.24,-7.90
130.0,,,,-1230.60,-368.25,379.78,457.59,367.37,213.61,140.03,-61.83,8.88,-246.64,-212.41,-100.77,44.89,-16.41,104.97,96.67,75.58,21.02,-31.25,17.26,68.14,55.45
134.0,,,-382.72,419.38,-96.91,-95.05,236.45,236.00,63.34,60.39,85.09,36.13,-166.24,-153.15,-46.14,17.76,84.61,108.40,143.87,86.76,90.89,57.45,74.50,112.17,45.40
138.0,-1759.40,305.17,169.95,23.28,261.59,-55.47,8.21,18.92,-15.50,93.18,29.96,57.69,-29.38,-6.34,-28.26,-6.31,10.78,171.95,146.89,16.46,-50.59,-21.94,-105.03,59.28,-74.69
142.0,-462.14,-363.07,-179.21,-129.78,133.54,72.78,-14.65,-379.75,-23.12,-64.54,24.45,-58.13,-169.77,-121.48,0.90,-39.55,-71.95,-23.66,29.59,100.79,114.78,208.29,71.11,22.02,-20.91
146.0,-1037.24,-5.68,116.39,-3.69,-20.39,-1.05,-190.92,-217.05,-164.92,-90.25,-15.51,-55.76,-102.82,-105.69,-75.59,5.27,-9.89,62.87,38.27,25.20,3.05,-34.09,-41.60,-76.79,38.89
150.0,-94.55,-451.49,-108.55,66.27,-28.00,-13.41,-136.03,-280.11,-147.62,-130.02,-41.47,-37.39,-112.42,-57.83,-53.47,-16.77,-65.34,31.47,38.28,60.23,11.60,-8.91,64.90,23.06,65.20
154.0,110.56,43.91,-41.40,-46.06,-58.34,-44.97,-60.84,-246.27,-86.28,-162.68,-137.08,-50.94,-66.20,-173.46,-23.01,-26.57,-51.53,-17.38,6.75,-34.52,36.55,-98.05,-60.81,-12.12,-19.13
158.0,212.92,-128.63,32.69,-28.52,-40.57,7.06,-50.56,38.63,-172.16,-130.93,-118.14,-79.48,-93.21,-205.59,-107.11,-30.79,-69.91,69.03,63.30,60.49,31.24,68.37,139.49,95.07,63.26
162.0,-508.87,-48.93,-12.97,9.53,-105.49,51.14,134.35,162.73,-18.87,-82.33,-169.53,-127.52,-72.39,-75.96,-8.60,64.15,107.20,111.84,123.76,-10.79,-62.66,-4.81,100.14,58.64,148.93
166.0,-69.55,-116.54,29.45,17.77,-59.17,22.32,75.33,13.00,-19.36,-101.88,-156.60,-205.38,-146.71,-96.23,-66.39,6.04,-20.93,-72.12,-47.95,15.22,-45.33,36.28,15.56,-1.11,35.63
170.0,53.64,147.92,58.87,10.55,60.65,-12.89,137.21,62.17,-64.98,-124.98,-172.13,-134.94,-103.04,36.36,38.00,70.19,56.68,-98.04,48.87,-7.68,6.36,17.96,-33.48,25.99,-15.81
174.0,216.06,21.75,19.41,-139.91,38.44,106.49,106.29,72.54,-25.04,-92.87,-93.75,-92.78,-44.33,64.19,181.63,153.56,79.91,54.76,70.29,37.67,-27.01,-46.56,-92.16,1.09,70.78
178.0,65.78,32.45,-10.02,-80.21,-3.01,93.04,93.14,112.93,45.28,-41.29,-142.48,-38.48,13.06,38.05,124.95,160.74,56.98,71.75,-85.93,-14.78,-55.70,-10.40,-94.31,54.69,-18.12
182.0,26.29,-61.06,-279.91,-272.20,-148.79,5.61,164.77,149.31,13.34,91.18,157.79,28.65,157.52,357.17,184.13,15.19,-69.77,-84.59,-122.14,-23.51,22.22,28.71,-70.78,16.25,45.94
