window,r_bin_min_A,r_bin_max_A,r_bin_center_A,eps00194_atoms,eps0000_atoms,eps0000_sigma_xx_mean_mpa,eps00194_sigma_xx_mean_mpa,delta_sigma_xx_mean_mpa,eps0000_sigma_yy_mean_mpa,eps00194_sigma_yy_mean_mpa,delta_sigma_yy_mean_mpa,eps0000_sigma_zz_mean_mpa,eps00194_sigma_zz_mean_mpa,delta_sigma_zz_mean_mpa,eps0000_abs_sigma_zz_mean_mpa,eps00194_abs_sigma_zz_mean_mpa,delta_abs_sigma_zz_mean_mpa,eps0000_sigma_vm_mean_mpa,eps00194_sigma_vm_mean_mpa,delta_sigma_vm_mean_mpa,eps0000_sigma_vm_p95_mpa,eps00194_sigma_vm_p95_mpa,delta_sigma_vm_p95_mpa,eps0000_abs_sigma_zz_p95_mpa,eps00194_abs_sigma_zz_p95_mpa,delta_abs_sigma_zz_p95_mpa,eps0000_fraction_vm_gt_120mpa,eps00194_fraction_vm_gt_120mpa,delta_fraction_vm_gt_120mpa,eps0000_fraction_abs_sigma_zz_gt_120mpa,eps00194_fraction_abs_sigma_zz_gt_120mpa,delta_fraction_abs_sigma_zz_gt_120mpa,eps0000_pe_atom_mean_ev,eps00194_pe_atom_mean_ev,delta_pe_atom_mean_ev
initial,0.0,2.0,1.0,840,915,-1884.7616012315416,237.66040396335094,2122.4220051948923,-1387.1680125013236,-1385.6583582026306,1.5096542986930217,-3234.220875047306,2012.8887876132749,5247.109662660581,3234.220875047306,2012.8887876132749,-1221.332087434031,1658.7338686587823,3033.8733895117975,1375.1395208530153,10481.83774858655,9520.770714013835,-961.067034572714,8046.980808913333,8933.558646415868,886.5778375025347,1.0,1.0,0.0,1.0,0.8523809523809524,-0.14761904761904765,-3.0467077049180324,-3.3690511785714286,-0.3223434736533961
initial,2.0,4.0,3.0,1260,690,-1547.4090615011175,-894.2111283618584,653.1979331392591,-1563.5498964449516,-575.0211932940156,988.528703150936,237.3276775558304,181.92351638299303,-55.40416117283738,237.3276775558304,181.92351638299303,-55.40416117283738,1794.833907072009,957.3299042985344,-837.5040027734746,7330.889603265009,6676.569134488635,-654.3204687763737,5812.365031570478,5416.299993682962,-396.06503788751616,1.0,1.0,0.0,0.9565217391304348,0.9761904761904762,0.019668737060041352,-3.0808078260869562,-3.296937515873016,-0.21612968978605984
initial,4.0,6.0,5.0,1365,1380,-928.9237373246874,-1184.3193301495187,-255.39559282483128,-457.06591354243176,-752.8013051793113,-295.7353916368795,611.953578056426,-5.4428938407389165,-617.3964718971648,611.953578056426,5.4428938407389165,-606.5106842156871,1367.5338030996184,1038.860840572251,-328.6729625273674,3443.8777160877794,4980.009313301264,1536.1315972134848,2892.9396070167613,2739.5833663955345,-153.3562406212268,1.0,1.0,0.0,1.0,0.945054945054945,-0.05494505494505497,-3.349930652173913,-3.343609582417583,0.006321069756330289
initial,6.0,8.0,7.0,1380,1380,-1647.8233030582692,-1267.0416094430086,380.78169361526056,-1176.788685029434,-782.2808169495617,394.5078680798723,-802.7605369658406,-116.12202804614843,686.6385089196922,802.7605369658406,116.12202804614843,-686.6385089196922,733.4522631338323,1003.0286279677035,269.57636483387125,824.2058894366511,2942.2229553174225,2118.0170658807715,992.927861104647,1374.150054267642,381.2221931629949,1.0,1.0,0.0,1.0,0.8369565217391305,-0.1630434782608695,-3.351561413043478,-3.3501984999999994,0.0013629130434784642
initial,8.0,10.0,9.0,1380,1380,-1771.422418642991,-1297.9853372301725,473.43708141281854,-1302.1740155993614,-817.7681967327021,484.4058188666593,-1095.119591835537,-197.7256258913941,897.3939659441429,1095.119591835537,197.7256258913941,-897.3939659441429,600.1879413440207,956.4458364370076,356.2578950929869,653.2643380966415,1881.3190834184575,1228.054745321816,1121.0473920376503,1175.1685415201432,54.12114948249291,1.0,1.0,0.0,1.0,0.8369565217391305,-0.1630434782608695,-3.3514095652173914,-3.351293,0.00011656521739134007
initial,10.0,12.0,11.0,1380,1380,-1773.4824700467989,-1345.0295938080424,428.4528762387565,-1304.292230404982,-865.8081217478945,438.48410865708763,-1088.0030328788189,-289.83620136341455,798.1668315154043,1088.0030328788189,289.83620136341455,-798.1668315154043,606.9606893148506,915.2512145979082,308.2905252830576,607.8687507333782,1417.795738196083,809.9269874627048,1089.0070346872942,1073.510586867367,-15.496447819927198,1.0,1.0,0.0,1.0,0.9347826086956522,-0.06521739130434778,-3.351399999999999,-3.3516166304347825,-0.00021663043478348243
initial,12.0,14.0,13.0,1380,1380,-1772.8403955361819,-1393.3401036430992,379.5002918930827,-1303.6388355007236,-915.807264774967,387.8315707257566,-1086.113633156169,-382.31246248663314,703.8011706695358,1086.113633156169,382.31246248663314,-703.8011706695358,607.8901889995161,876.022694327021,268.1325053275049,608.0592957602734,1115.990167884318,507.93087212404464,1086.5350250505119,1095.7407171119442,9.205692061432273,1.0,1.0,0.0,1.0,0.8695652173913043,-0.13043478260869568,-3.351399999999999,-3.351718804347826,-0.0003188043478270508
initial,14.0,16.0,15.0,1380,1380,-1772.8331739057555,-1437.8870844197886,334.9460894859669,-1303.6318741092316,-961.7491730824373,341.8827010267943,-1086.141608841605,-466.45317053484905,619.6884383067559,1086.141608841605,466.45317053484905,-619.6884383067559,607.8639571265855,841.3414355609331,233.47747843434752,607.8658371300103,1027.134423669148,419.2685865391377,1086.1519533392427,1113.996478352106,27.844525012863187,1.0,1.0,0.0,1.0,0.8478260869565217,-0.15217391304347827,-3.351399999999999,-3.3517443478260867,-0.00034434782608760983
initial,16.0,18.0,17.0,1380,1380,-1772.8324582486862,-1475.5811109309298,297.2513473177564,-1303.6349319167093,-1000.4380314494725,303.1969004672368,-1086.145967843754,-536.531191481666,549.614776362088,1086.145967843754,536.531191481666,-549.614776362088,607.8594016358619,813.2649425655804,205.40554092971854,607.8645976810245,1027.4930069560492,419.62840927502464,1086.1459678437543,1117.93493438359,31.788966539835656,1.0,1.0,0.0,1.0,0.782608695652174,-0.21739130434782605,-3.351399999999999,-3.3517407608695646,-0.0003407608695655817
initial,18.0,20.0,19.0,1380,1380,-1772.8319377708176,-1508.8400544403419,263.99188333047573,-1303.6349319167093,-1034.4573367397659,269.17759517694344,-1086.145967843754,-597.9502005922391,488.195767251515,1086.145967843754,597.9502005922391,-488.195767251515,607.858906774697,789.0848200464926,181.22591327179566,607.858906774698,1021.5515995166169,413.6926927419189,1086.1459678437543,1135.1671758952048,49.02120805145046,1.0,1.0,0.0,1.0,0.8478260869565217,-0.15217391304347827,-3.351399999999999,-3.351725434782608,-0.0003254347826091575
initial,20.0,22.0,21.0,1380,1380,-1772.8319377708176,-1540.380314967996,232.4516228028217,-1303.6349319167093,-1066.7018081609133,236.93312375579603,-1086.145967843754,-656.3915798757993,429.7543879679548,1086.145967843754,656.3915798757993,-429.7543879679548,607.858906774697,766.212536987141,158.35363021244405,607.8589067746967,997.0733013979838,389.21439462328703,1086.1459678437543,1148.6345407445042,62.48857290074989,1.0,1.0,0.0,1.0,1.0,0.0,-3.351399999999999,-3.351705543478261,-0.0003055434782619493
initial,22.0,24.0,23.0,1380,1380,-1772.8319377708176,-1570.143230320788,202.6887074500296,-1303.6349319167093,-1097.1131174931102,206.52181442359915,-1086.145967843754,-711.5473157475197,374.59865209623433,1086.145967843754,711.5473157475197,-374.59865209623433,607.858906774697,744.8583351849244,136.99942841022744,607.8589067746967,965.14664591418,357.2877391394833,1086.1459678437543,1147.9701507452721,61.824182901517815,1.0,1.0,0.0,1.0,1.0,0.0,-3.351399999999999,-3.351680760869566,-0.000280760869566965
initial,24.0,26.0,25.0,1380,1380,-1772.8319377708176,-1597.5580488053579,175.27388896545972,-1303.6349319167093,-1125.0915701361878,178.54336178052154,-1086.145967843754,-762.2015768943266,323.94439094942743,1086.145967843754,762.2015768943266,-323.94439094942743,607.858906774697,725.5182589996126,117.65935222491566,607.8589067746967,932.5986614418304,324.73975466713364,1086.1459678437543,1147.7127744392633,61.56680659550898,1.0,1.0,0.0,1.0,1.0,0.0,-3.351399999999999,-3.351652608695652,-0.0002526086956531337
initial,26.0,28.0,27.0,1380,1380,-1772.8319377708176,-1622.8496645714,149.9822731994177,-1303.6349319167093,-1150.886518362348,152.74841355436138,-1086.145967843754,-808.9703805360842,277.17558730766984,1086.145967843754,808.9703805360842,-277.17558730766984,607.858906774697,707.8356128179876,99.97670604329062,607.8589067746967,899.099107930568,291.2402011558713,1086.1459678437543,1146.0188792159959,59.87291137224156,1.0,1.0,0.0,1.0,1.0,0.0,-3.351399999999999,-3.3516246739130433,-0.00022467391304425988
initial,28.0,30.0,29.0,1380,1380,-1772.8319377708176,-1645.5178463394295,127.31409143138808,-1303.6349319167093,-1174.00094918026,129.6339827364493,-1086.145967843754,-850.8891636410668,235.25680420268725,1086.145967843754,850.8891636410668,-235.25680420268725,607.858906774697,692.1594000376984,84.3004932630015,607.8589067746967,863.5148128479531,255.65590607325635,1086.1459678437543,1140.0273982319297,53.88143038817543,1.0,1.0,0.0,1.0,1.0,0.0,-3.351399999999999,-3.3515976086956525,-0.00019760869565343953
initial,30.0,32.0,31.0,1380,1380,-1772.8319377708176,-1665.06458787285,107.7673498979675,-1303.6349319167093,-1193.9252887326986,109.7096431840107,-1086.145967843754,-886.8775503458363,199.26841749791777,1086.145967843754,886.8775503458363,-199.26841749791777,607.858906774697,678.9077373115582,71.04883053686126,607.8589067746967,826.6583121021603,218.79940532746355,1086.1459678437543,1134.8020606704015,48.65609282664718,1.0,1.0,0.0,1.0,1.0,0.0,-3.351399999999999,-3.3515728260869566,-0.00017282608695756707
initial,32.0,34.0,33.0,1380,1380,-1772.8319377708176,-1682.5480250157846,90.28391275503304,-1303.6349319167093,-1211.7363623565834,91.8985695601259,-1086.145967843754,-919.096969432243,167.0489984115111,1086.145967843754,919.096969432243,-167.0489984115111,607.858906774697,667.1442513581294,59.28534458343245,607.8589067746967,792.8460932414224,184.9871864667257,1086.1459678437543,1130.4206779727626,44.27471012900833,1.0,1.0,0.0,1.0,1.0,0.0,-3.351399999999999,-3.351550326086957,-0.00015032608695797478
initial,34.0,36.0,35.0,1380,1380,-1772.8319377708176,-1698.6812124481764,74.15072532264116,-1303.6349319167093,-1228.1632337636324,75.47169815307689,-1086.145967843754,-948.967975026391,137.17799281736313,1086.145967843754,948.967975026391,-137.17799281736313,607.858906774697,656.2807207124033,48.42181393770636,607.8589067746967,761.2765536951817,153.41764692048503,1086.1459678437543,1127.014931039762,40.8689631960076,1.0,1.0,0.0,1.0,1.0,0.0,-3.351399999999999,-3.3515266304347824,-0.0001266304347833369
initial,36.0,38.0,37.0,1380,1380,-1772.8319377708176,-1713.0012501656638,59.8306876051538,-1303.6349319167093,-1242.7401273092603,60.89480460744903,-1086.145967843754,-975.4979681224419,110.6479997213122,1086.145967843754,975.4979681224419,-110.6479997213122,607.858906774697,646.7130620613913,38.85415528669432,607.8589067746967,732.5036954309919,124.64478865629519,1086.1459678437543,1124.0880237458475,37.942055902093216,1.0,1.0,0.0,1.0,1.0,0.0,-3.351399999999999,-3.351505869565218,-0.0001058695652189634
initial,38.0,40.0,39.0,1380,1380,-1772.8319377708176,-1725.1819937238536,47.64994404696404,-1303.6349319167093,-1255.138886034648,48.49604588206125,-1086.145967843754,-998.0519006610043,88.09406718274977,1086.145967843754,998.0519006610043,-88.09406718274977,607.858906774697,638.6519172281635,30.793010453466536,607.8589067746967,708.042390960925,100.18348418622827,1086.1459678437543,1121.4364492444076,35.290481400653334,1.0,1.0,0.0,1.0,1.0,0.0,-3.351399999999999,-3.35148652173913,-8.652173913104022e-05
initial,40.0,42.0,41.0,1380,1380,-1772.8319377708176,-1735.1987854837218,37.633152287095754,-1303.6349319167093,-1265.3342017034365,38.3007302132728,-1086.145967843754,-1016.5900211448661,69.55594669888796,1086.145967843754,1016.5900211448661,-69.55594669888796,607.858906774697,632.0779033332841,24.21899655858715,607.8589067746967,687.4879162613488,79.62900948665208,1086.1459678437543,1117.8511374467496,31.705169602995284,1.0,1.0,0.0,1.0,1.0,0.0,-3.351399999999999,-3.351468804347826,-6.880434782674527e-05
initial,42.0,44.0,43.0,1380,1380,-1772.8319377708176,-1743.1712052355729,29.660732535244733,-1303.6349319167093,-1273.4475408382032,30.187391078506153,-1086.145967843754,-1031.3194797657193,54.8264880780348,1086.145967843754,1031.3194797657193,-54.8264880780348,607.858906774697,626.8968101510757,19.037903376378722,607.8589067746967,670.5382189523334,62.67931217763669,1086.1459678437543,1113.4996822265537,27.353714382799353,1.0,1.0,0.0,1.0,1.0,0.0,-3.351399999999999,-3.3514556521739127,-5.565217391367838e-05
initial,44.0,46.0,45.0,1380,1380,-1772.8319377708176,-1749.4628067706044,23.3691310002132,-1303.6349319167093,-1279.8505896968427,23.78434221986663,-1086.145967843754,-1042.941034913862,43.20493292989204,1086.145967843754,1042.941034913862,-43.20493292989204,607.858906774697,622.8301618696191,14.971255094922185,607.8589067746967,656.3915234692869,48.53261669459016,1086.1459678437543,1109.2978643935724,23.151896549818048,1.0,1.0,0.0,1.0,1.0,0.0,-3.351399999999999,-3.351445108695652,-4.510869565299558e-05
initial,46.0,48.0,47.0,1380,1380,-1772.8319377708176,-1754.4258885461059,18.40604922471175,-1303.6349319167093,-1284.9011117542643,18.733820162445,-1086.145967843754,-1052.1316331171056,34.014334726648485,1086.145967843754,1052.1316331171056,-34.014334726648485,607.858906774697,619.6177784227064,11.758871648009404,607.8589067746967,645.1437803032484,37.28487352855166,1086.1459678437543,1105.335466380134,19.189498536379688,1.0,1.0,0.0,1.0,1.0,0.0,-3.351399999999999,-3.3514363043478257,-3.630434782664338e-05
initial,48.0,50.0,49.0,1380,1380,-1772.8319377708176,-1758.1635702397882,14.66836753102939,-1303.6349319167093,-1288.704503778854,14.930428137855415,-1086.145967843754,-1059.0638778486157,27.082089995138404,1086.145967843754,1059.0638778486157,-27.082089995138404,607.858906774697,617.1981097123935,9.339202937696541,607.8589067746967,636.2677163218614,28.40880954716465,1086.1459678437543,1100.6967073764863,14.550739532731995,1.0,1.0,0.0,1.0,1.0,0.0,-3.351399999999999,-3.3514291304347825,-2.9130434783475323e-05
initial,50.0,55.0,52.5,4140,4140,-2127.398325324981,-2113.9494894878026,13.448835837178649,-1564.3619183000512,-1550.672153257511,13.68976504254033,-1303.375161412505,-1278.570747629971,24.804413782533857,1303.375161412505,1278.570747629971,-24.804413782533857,729.4306881296365,737.9627954813798,8.53210735174332,729.4306881296362,754.129292362148,24.698604232511798,1303.3751614125051,1311.9583619431253,8.58320053062016,1.0,1.0,0.0,1.0,1.0,0.0,-3.351399999999998,-3.3514228260869565,-2.2826086958360747e-05
initial,55.0,60.0,57.5,2760,2760,-1418.265550216654,-1408.2021886994953,10.063361517158683,-1042.9079455333674,-1032.6648890320844,10.243056501283036,-868.9167742750033,-850.3199178636731,18.596856411330123,868.9167742750033,850.3199178636731,-18.596856411330123,486.28712541975744,492.7020296640116,6.41490424425416,486.28712541975744,496.1701413254157,9.883015905658283,868.9167742750033,862.5960910390654,-6.3206832359378495,1.0,1.0,0.0,1.0,1.0,0.0,-3.351399999999999,-3.3514264130434785,-2.6413043479500686e-05
initial,60.0,65.0,62.5,4140,4140,-2127.398325324981,-2102.922567292557,24.475758032424437,-1564.3619183000512,-1539.4528624420407,24.90905585801056,-1303.375161412505,-1258.0624102224167,45.31275119008819,1303.375161412505,1258.0624102224167,-45.31275119008819,729.4306881296365,745.1400472023378,15.709359072701318,729.4306881296362,749.4538302778991,20.023142148262878,1303.3751614125051,1275.2122080396498,-28.162953372855327,1.0,1.0,0.0,1.0,1.0,0.0,-3.351399999999998,-3.3514415942028983,-4.159420290017479e-05
initial,65.0,70.0,67.5,2760,2760,-1418.265550216654,-1391.475513365518,26.790036851135937,-1042.9079455333674,-1015.6460174226904,27.26192811067699,-868.9167742750033,-819.2807517413023,49.63602253370095,868.9167742750033,819.2807517413023,-49.63602253370095,486.28712541975744,503.59406907595525,17.306943656197802,486.28712541975744,505.5684616422178,19.281336222460368,868.9167742750033,825.6679780727371,-43.248796202266135,1.0,1.0,0.0,1.0,1.0,0.0,-3.351399999999999,-3.3514649999999997,-6.500000000064787e-05
initial,70.0,75.0,72.5,4140,4140,-2127.398325324981,-2063.758819713458,63.63950561152342,-1564.3619183000512,-1499.6048426091302,64.75707569092106,-1303.375161412505,-1185.4352147047127,117.93994670779216,1303.375161412505,1185.4352147047127,-117.93994670779216,729.4306881296365,770.8516783713286,41.42099024169215,729.4306881296362,778.6042009501036,49.17351282046741,1303.3751614125051,1205.9217180656804,-97.45344334682477,1.0,1.0,0.0,1.0,1.0,0.0,-3.351399999999998,-3.3515018840579716,-0.00010188405797340039
initial,75.0,80.0,77.5,2760,2760,-1418.265550216654,-1355.2491867332787,63.016363483375244,-1042.9079455333674,-978.7875183712837,64.12042716208373,-868.9167742750033,-752.141110535313,116.77566373969023,868.9167742750033,752.141110535313,-116.77566373969023,486.28712541975744,527.6510842905835,41.36395887082608,486.28712541975744,531.0757789674172,44.788653547659806,868.9167742750033,761.3215073723327,-107.59526690267057,1.0,1.0,0.0,1.0,1.0,0.0,-3.351399999999999,-3.3515499999999996,-0.0001500000000005386
initial,80.0,85.0,82.5,2760,2760,-1418.265550216654,-1334.39993632181,83.86561389484405,-1042.9079455333674,-957.5754688615269,85.33247667184048,-868.9167742750033,-713.5398173648864,155.37695691011686,868.9167742750033,713.5398173648864,-155.37695691011686,486.28712541975744,541.7644164160844,55.47729099632693,486.28712541975744,545.842716869529,59.555591449771555,868.9167742750033,724.5178927121669,-144.39888156283632,1.0,1.0,0.0,1.0,1.0,0.0,-3.351399999999999,-3.3515899999999994,-0.00019000000000035655
initial,85.0,90.0,87.5,4140,4140,-2127.398325324981,-1953.546616111501,173.85170921348026,-1564.3619183000512,-1387.4776708092297,176.8842474908215,-1303.375161412505,-981.4279025985494,321.9472588139555,1303.375161412505,981.4279025985494,-321.9472588139555,729.4306881296365,845.6728854177745,116.24219728813807,729.4306881296362,860.6250171189712,131.19432898933496,1303.3751614125051,1020.3019261721076,-283.0732352403975,1.0,1.0,0.0,1.0,1.0,0.0,-3.351399999999998,-3.3516520289855074,-0.000252028985509245
initial,90.0,95.0,92.5,2760,2760,-1418.265550216654,-1264.116192407351,154.14935780930296,-1042.9079455333674,-886.0746394991993,156.83330603416812,-868.9167742750033,-583.6186522898214,285.29812198518187,868.9167742750033,583.6186522898214,-285.29812198518187,486.28712541975744,590.5387125455939,104.25158712583641,486.28712541975744,596.4828862586345,110.19576083887705,868.9167742750033,599.1816171813522,-269.7351570936511,1.0,1.0,0.0,1.0,1.0,0.0,-3.351399999999999,-3.3517149999999996,-0.0003150000000005093
initial,95.0,100.0,97.5,4140,4140,-2127.398325324981,-1828.1575381009197,299.2407872240615,-1564.3619183000512,-1259.8575904389083,304.5043278611429,-1303.375161412505,-749.896044863566,553.4791165489389,1303.375161412505,749.896044863566,-553.4791165489389,729.4306881296365,934.2573136659635,204.82662553632701,729.4306881296362,955.3801010886995,225.94941295906324,1303.3751614125051,803.0284399367414,-500.34672147576373,1.0,1.0,0.0,1.0,1.0,0.0,-3.351399999999998,-3.3517866666666665,-0.0003866666666683116
initial,100.0,110.0,105.0,6900,6900,-1772.8331348699155,-1416.7401597033368,356.09297516657875,-1303.6349319167093,-941.021644227702,362.6132876890073,-1086.1351939518747,-428.1790923016671,657.9561016502076,1086.1351939518747,428.1790923016671,-657.9561016502076,607.8680579411813,856.3202009221428,248.45214298096153,607.8989725786212,899.54689592486,291.6479233462388,1086.1459678437543,531.930385520341,-554.2155823234133,1.0,1.0,0.0,1.0,1.0,0.0,-3.3513999999999986,-3.351886,-0.0004860000000013187
initial,110.0,120.0,115.0,6900,6900,-1681.4190564710652,-1910.7604987105017,-229.34144223943645,-1207.0709331994872,-1435.1762405010652,-228.10530730157802,124.92686763939592,-148.59284785704753,-273.51971549644344,124.92686763939592,148.59284785704753,23.665980217651608,1622.0526935092714,1579.03642177728,-43.01627173199131,6153.243690253629,5433.037819351203,-720.2058709024259,1871.1736286481475,264.76839293722946,-1606.405235710918,1.0,1.0,0.0,1.0,0.6,-0.4,-3.2377879999999992,-3.2392559999999997,-0.001468000000000469
initial,120.0,121.06800000000001,120.534,0,0,,,,,,,,,,,,,,,,,,,,,,0.0,0.0,0.0,0.0,0.0,0.0,,,
final,0.0,2.0,1.0,1170,1160,-877.7806770950174,-1186.5567510857077,-308.7760739906903,-2807.9922624892747,-3175.020769601915,-367.02850711264045,383.10955217433116,278.7226702108494,-104.38688196348176,383.10955217433116,278.7226702108494,-104.38688196348176,2791.8324060977234,3035.1852202067357,243.35281410901234,13897.614877865037,13653.757817383806,-243.8570604812303,9130.994292183233,9292.617005202794,161.62271301956025,1.0,1.0,0.0,0.9732758620689655,0.9846153846153847,0.011339522546419123,-3.409583181034483,-3.4234404957264957,-0.013857314692012679
final,2.0,4.0,3.0,1363,1314,-1239.2220193103794,-1200.6226238629858,38.59939544739359,-929.9053697967728,-828.0836095457553,101.82176025101751,-289.9032344671379,-307.94051119918356,-18.037276732045655,289.9032344671379,307.94051119918356,18.037276732045655,844.706600691921,781.6928846310093,-63.01371606091175,10856.458650387043,11042.779665221362,186.3210148343187,7495.499713215821,7790.974014633491,295.47430141766927,1.0,1.0,0.0,0.9665144596651446,0.9721203228173148,0.005605863152170154,-3.2655182648401824,-3.2623757153338224,0.0031425495063599485
final,4.0,6.0,5.0,1380,1376,-990.4232222461906,-1030.023884895292,-39.60066264910142,-565.3218298869991,-545.3106527564695,20.01117713052963,-296.6162775284142,-331.77956520248085,-35.16328767406668,296.6162775284142,331.77956520248085,35.16328767406668,647.3693813621622,630.9390974826493,-16.4302838795129,8363.936319288448,8355.326902446033,-8.609416842415158,5038.887954419532,4991.761979780174,-47.12597463935799,1.0,1.0,0.0,0.9622093023255814,0.9579710144927536,-0.0042382878328278695,-3.300975465116279,-3.3032017101449274,-0.0022262450286483215
final,6.0,8.0,7.0,1380,1379,-979.3164459464879,-1002.0524750234572,-22.736029076969317,-517.7175425201808,-544.9820073040147,-27.264464783833887,-210.0962560149478,-238.5115612780571,-28.415305263109275,210.0962560149478,238.5115612780571,28.415305263109275,704.8521479931039,673.6186857078933,-31.233462285210635,7402.802738498206,7651.614985284953,248.81224678674698,4556.552162695747,4418.533471037295,-138.01869165845164,1.0,1.0,0.0,0.9615663524292966,0.9601449275362319,-0.0014214248930646267,-3.311282066715011,-3.3122998115942024,-0.0010177448791912624
final,8.0,10.0,9.0,1380,1380,-919.7694526671523,-890.0076906933175,29.761761973834837,-450.7113617576163,-413.5942083711318,37.11715338648452,-81.28863731764903,-42.574748726640635,38.7138885910084,81.28863731764903,42.574748726640635,-38.7138885910084,741.5464459826213,753.9152522781551,12.368806295533773,7287.747428660831,7238.6884981622015,-49.05893049862971,4438.741700905831,4430.038790465439,-8.702910440391861,1.0,1.0,0.0,0.9652173913043478,0.967391304347826,0.0021739130434782483,-3.3132794130434786,-3.312213275362319,0.0010661376811595957
final,10.0,12.0,11.0,1380,1380,-956.5788024122294,-871.2368438610838,85.34195855114558,-484.40074525273405,-396.4664444769987,87.93430077573538,-168.50069712652888,-33.266297722901044,135.23439940362783,168.50069712652888,33.266297722901044,-135.23439940362783,687.534074545557,736.1980124008505,48.66393785529351,7255.440286932487,7277.564369749887,22.12408281740045,4273.414833641958,4123.905236756199,-149.50959688575858,1.0,1.0,0.0,0.9565217391304348,0.9630434782608696,0.006521739130434745,-3.313239253623188,-3.311260231884058,0.0019790217391300047
final,12.0,14.0,13.0,1380,1380,-926.452875497746,-837.8186878805773,88.63418761716878,-468.3944993797395,-366.0653155531171,102.3291838266224,-135.011322506749,33.626219125077704,168.6375416318267,135.011322506749,33.626219125077704,-101.38510338167129,690.6370108778385,767.0821018667226,76.44509098888409,7104.823289305462,7384.249780488202,279.4264911827404,4308.179788538712,4471.293818120458,163.11402958174585,1.0,1.0,0.0,0.9572463768115942,0.9579710144927536,0.0007246376811593791,-3.3134107028985507,-3.3124787898550725,0.0009319130434781719
final,14.0,16.0,15.0,1380,1380,-824.7521249252359,-870.7049080886177,-45.95278316338181,-337.0781844192416,-392.7925913351644,-55.71440691592278,106.96963457418472,17.860679169403266,-89.10895540478145,106.96963457418472,17.860679169403266,-89.10895540478145,811.7100218623152,773.2671284387623,-38.44289342355296,7287.240712581685,7330.006729061974,42.76601648028827,4309.306258789663,4209.523859148234,-99.78239964142904,1.0,1.0,0.0,0.946376811594203,0.9550724637681159,0.008695652173912993,-3.3133725724637677,-3.3132349565217396,0.000137615942028102
final,16.0,18.0,17.0,1380,1380,-849.2059737931049,-938.0825245234887,-88.87655073038377,-357.9674068371334,-419.8415566323489,-61.87414979521549,29.019135541385488,-81.17684905501318,-110.19598459639866,29.019135541385488,81.17684905501318,52.15771351362769,773.8487647947966,747.9643077524787,-25.884457042317877,6982.43210261356,7213.918497813645,231.4863952000851,4219.293983434239,4019.289250232967,-200.00473320127185,1.0,1.0,0.0,0.9586956521739131,0.9572463768115942,-0.0014492753623188692,-3.3126393043478264,-3.313784565217391,-0.0011452608695647903
final,18.0,20.0,19.0,1380,1380,-853.0447897626326,-857.5485836588556,-4.503793896222987,-351.63304714511884,-373.0812979086769,-21.448250763558065,18.055533152991426,39.87070654802803,21.815173395036606,18.055533152991426,39.87070654802803,21.815173395036606,759.4201945137818,778.6118601905163,19.191665676734488,7166.927884540441,7019.288958359963,-147.63892618047794,4152.331551930551,4083.268510785148,-69.06304114540262,1.0,1.0,0.0,0.9565217391304348,0.95,-0.006521739130434856,-3.3130173115942023,-3.3138315144927537,-0.0008142028985513861
final,20.0,22.0,21.0,1380,1380,-831.6507244709476,-821.5434349018719,10.107289569075647,-350.2830849335389,-339.78170696879874,10.50137796474013,118.753161077447,106.99525504521723,-11.75790603222977,118.753161077447,106.99525504521723,-11.75790603222977,825.3257828880934,804.5866414810581,-20.739141407035277,7210.62068698038,7109.7399340466,-100.88075293378006,4308.960895699972,4118.1914827628025,-190.76941293716936,1.0,1.0,0.0,0.9543478260869566,0.9507246376811594,-0.0036231884057971175,-3.3140197318840583,-3.3127582101449273,0.0012615217391309663
final,22.0,24.0,23.0,1380,1380,-826.8889933020064,-898.4140237722676,-71.52503047026119,-337.6549222174835,-372.2651642697408,-34.61024205225732,130.11948314117953,-53.026459939833664,-183.1459430810132,130.11948314117953,53.026459939833664,-77.09302320134586,829.7175634376943,757.0430472611241,-72.67451617657014,7135.531804736452,7027.352080741803,-108.17972399464907,4505.788827170681,4223.457494096093,-282.33133307458775,1.0,1.0,0.0,0.9507246376811594,0.9557971014492753,0.005072463768115876,-3.314066057971014,-3.312728615942029,0.0013374420289853362
final,24.0,26.0,25.0,1380,1380,-729.957831587518,-781.5376716267002,-51.57984003918227,-211.10912042948587,-275.7906359453534,-64.68151551586755,296.0382757856682,165.40900975337547,-130.62926603229272,296.0382757856682,165.40900975337547,-130.62926603229272,900.2867401623192,834.8959950690481,-65.39074509327111,7204.801002673384,7273.456362531005,68.65535985762108,4349.184921757087,4273.102390777453,-76.0825309796337,1.0,1.0,0.0,0.9550724637681159,0.9550724637681159,0.0,-3.3134956521739127,-3.3131298623188403,0.000365789855072407
final,26.0,28.0,27.0,1380,1380,-702.891236383344,-736.325520259758,-33.43428387641404,-199.13799405348288,-223.06103970959566,-23.923045656112777,308.675234131826,268.97655654481724,-39.698677587008774,308.675234131826,268.97655654481724,-39.698677587008774,877.6179221229804,871.806211201976,-5.811710921004419,7365.80033738709,7267.3342613663945,-98.46607602069525,4453.967604329674,4323.230017669967,-130.73758665970672,1.0,1.0,0.0,0.9586956521739131,0.9528985507246377,-0.005797101449275366,-3.3122231159420292,-3.313045231884058,-0.0008221159420287449
final,28.0,30.0,29.0,1380,1380,-775.1882194363321,-855.0793019723644,-79.89108253603229,-309.4099734942199,-367.19523979366033,-57.78526629944042,202.63987379617825,7.616204529445053,-195.0236692667332,202.63987379617825,7.616204529445053,-195.0236692667332,851.5486423850967,753.7089074022806,-97.83973498281614,7138.383746655903,7256.918858857059,118.53511220115524,4308.966581920687,4162.7998842653,-146.166697655387,1.0,1.0,0.0,0.9543478260869566,0.9536231884057971,-0.0007246376811594901,-3.3127780507246376,-3.3124913768115944,0.00028667391304315615
final,30.0,32.0,31.0,1380,1380,-757.6916461433148,-771.2774749807292,-13.585828837414397,-271.86019635737415,-272.03654683746134,-0.17635048008719423,210.05097602783985,193.20108770779652,-16.849888320043334,210.05097602783985,193.20108770779652,-16.849888320043334,848.6818134825462,839.9485978074778,-8.733215675068436,7144.328287727882,7140.811961744057,-3.516325983824572,4092.1369201757984,4140.174412043699,48.03749186790037,1.0,1.0,0.0,0.9449275362318841,0.9608695652173913,0.01594202898550723,-3.3133581449275367,-3.3133481811594208,9.963768115905935e-06
final,32.0,34.0,33.0,1380,1380,-780.8401730543518,-686.7987540807267,94.04141897362513,-286.58679124393444,-202.6061549887853,83.98063625514914,189.0336460622375,340.93779556803645,151.90414950579896,189.0336460622375,340.93779556803645,151.90414950579896,862.5032941448776,890.9846533966213,28.481359251743697,7301.553628005712,7251.66123690775,-49.89239109796199,4233.615179214983,4447.69989272881,214.0847135138265,1.0,1.0,0.0,0.9543478260869566,0.9492753623188406,-0.005072463768115987,-3.314196717391304,-3.3133952391304353,0.0008014782608687376
final,34.0,36.0,35.0,1380,1380,-774.5270574365035,-727.3161941709895,47.21086326551392,-325.77729188687164,-228.14137442270476,97.63591746416688,196.33436818934172,247.4890069176258,51.154638728284084,196.33436818934172,247.4890069176258,51.154638728284084,843.850352790717,869.1460782749061,25.29572548418912,7078.9299852545255,7303.968132994941,225.0381477404153,4136.160239494287,4316.910830807899,180.75059131361195,1.0,1.0,0.0,0.9434782608695652,0.9543478260869566,0.010869565217391353,-3.313544695652174,-3.31347868115942,6.601449275400739e-05
final,36.0,38.0,37.0,1380,1380,-739.3352426653983,-705.7746222330616,33.56062043233669,-254.57991208275172,-215.19825285212957,39.38165923062215,279.5142486807094,288.9277596602807,9.4135109795713,279.5142486807094,288.9277596602807,9.4135109795713,883.8346361744321,868.1080746402724,-15.726561534159714,7217.418446068982,7467.619634444,250.20118837501832,4232.049074320397,4165.1435050238515,-66.90556929654576,1.0,1.0,0.0,0.9565217391304348,0.9652173913043478,0.008695652173912993,-3.314561855072464,-3.313589268115942,0.0009725869565220258
final,38.0,40.0,39.0,1380,1380,-706.0993448620388,-696.8101782000473,9.289166661991544,-231.69321840908452,-197.50255425134125,34.19066415774327,322.7862902738322,344.5112362847815,21.72494601094928,322.7862902738322,344.5112362847815,21.72494601094928,905.7363712728968,906.95532410885,1.218952835953246,7032.533527244598,7272.028276939432,239.49474969483344,4251.477394126771,4346.322957089223,94.84556296245137,1.0,1.0,0.0,0.9492753623188406,0.9637681159420289,0.01449275362318836,-3.3142021594202897,-3.3142973913043483,-9.523188405857752e-05
final,40.0,42.0,41.0,1380,1380,-736.9235501114629,-755.300671770452,-18.377121658989154,-220.50454086570917,-250.24488854534673,-29.74034767963755,270.5615593749128,256.2047558815059,-14.356803493406915,270.5615593749128,256.2047558815059,-14.356803493406915,889.3623174145101,881.9347690536529,-7.427548360857259,7299.401557341931,7034.473386177983,-264.9281711639478,4251.5662787347765,4131.259315788239,-120.30696294653717,1.0,1.0,0.0,0.9485507246376812,0.9579710144927536,0.009420289855072372,-3.3138149202898552,-3.3138388695652172,-2.394927536197855e-05
final,42.0,44.0,43.0,1380,1380,-757.4717090682138,-771.8793259875018,-14.407616919287989,-276.8249282645849,-281.361101383949,-4.5361731193640935,249.7490047828002,229.92932887834456,-19.819675904455636,249.7490047828002,229.92932887834456,-19.819675904455636,922.423673286107,871.8353492797885,-50.588324006318544,6939.838489934216,7092.522661274448,152.68417134023184,4052.7996452753173,4204.5603870143295,151.76074173901225,1.0,1.0,0.0,0.9528985507246377,0.9586956521739131,0.005797101449275366,-3.3138371376811597,-3.313854369565217,-1.7231884057444802e-05
final,44.0,46.0,45.0,1380,1380,-696.0651313633417,-751.2574366043198,-55.192305240978044,-220.5925046633538,-263.9488431201168,-43.35633845676301,346.10548985429784,222.87452038881366,-123.23096946548418,346.10548985429784,222.87452038881366,-123.23096946548418,924.8654541142507,865.5144193146285,-59.3510347996222,7226.877202098987,7329.312895552732,102.43569345374453,4493.546992522667,4376.736157491009,-116.81083503165792,1.0,1.0,0.0,0.9594202898550724,0.9550724637681159,-0.004347826086956497,-3.314038282608696,-3.312865449275362,0.0011728333333338448
final,46.0,48.0,47.0,1380,1380,-565.2164422833606,-698.7940335479782,-133.57759126461758,-95.9922953647775,-225.001976072101,-129.0096807073235,506.088189202422,320.8755524592824,-185.21263674313957,506.088189202422,320.8755524592824,-185.21263674313957,936.150824685061,894.0996787383958,-42.0511459466652,7321.72627672924,7419.254220774627,97.5279440453869,4437.946228555398,4382.785697781314,-55.16053077408378,1.0,1.0,0.0,0.9608695652173913,0.9623188405797102,0.0014492753623188692,-3.3132020797101447,-3.3126677753623195,0.0005343043478251985
final,48.0,50.0,49.0,1380,1380,-568.0622595981191,-569.826474063627,-1.7642144655078482,-71.02892606673613,-95.95510236327469,-24.926176296538557,582.8496314444227,559.6793481854703,-23.170283258952395,582.8496314444227,559.6793481854703,-23.170283258952395,1005.7604126762899,986.0516711728676,-19.70874150342229,7299.975805370296,7281.486793926007,-18.489011444289645,4525.646307003587,4228.646619409916,-296.9996875936713,1.0,1.0,0.0,0.9528985507246377,0.9514492753623188,-0.0014492753623188692,-3.3141447681159426,-3.311913956521739,0.0022308115942037965
final,50.0,55.0,52.5,3917,4075,-722.7488029634274,-786.3859863236264,-63.63718336019906,-133.7753375471908,-235.46308548242789,-101.6877479352371,609.2612041848855,380.2983745154947,-228.96282966939083,609.2612041848855,380.2983745154947,-228.96282966939083,1161.2541166499423,1012.8070450323336,-148.44707161760869,8652.614612074518,8287.328218538998,-365.2863935355199,5173.078872701374,4793.945198132222,-379.1336745691524,1.0,1.0,0.0,0.96,0.9619606841970896,0.0019606841970896127,-3.313868510429448,-3.3144142941026296,-0.000545783673181699
final,55.0,60.0,57.5,2983,2825,-514.5439504505479,-487.3688478486008,27.17510260194706,-120.95478744594948,-72.29412275211438,48.6606646938351,393.33252368206684,487.86357219412713,94.5310485120603,393.33252368206684,487.86357219412713,94.5310485120603,793.6951768408602,849.1856396135463,55.4904627726861,5975.59322941776,6268.6548181641965,293.0615887464364,3557.851914464616,3745.96698222316,188.11506775854377,1.0,1.0,0.0,0.944070796460177,0.9540730807911498,0.010002284330972833,-3.3140744920353984,-3.3132336004022798,0.0008408916331186234
final,60.0,65.0,62.5,3763,4056,-689.6071569787073,-741.7167825883702,-52.109625609662885,-95.756710427905,-201.812299615952,-106.05558918804701,666.6311317572246,402.99364206925964,-263.63748968796494,666.6311317572246,402.99364206925964,-263.63748968796494,1183.4218573969235,992.8002613904105,-190.62159600651307,8490.56569572386,7870.598135566109,-619.9675601577519,5120.816830262117,4606.801171706678,-514.0156585554387,1.0,1.0,0.0,0.9632642998027613,0.9627956417751794,-0.0004686580275818919,-3.314190253944773,-3.3139913499867126,0.00019890395806054784
final,65.0,70.0,67.5,3137,2844,-477.25850903560814,-570.7729493523387,-93.5144403167306,-55.77095879030357,-135.6264344672579,-79.85547567695433,466.92694393257926,412.8177292407861,-54.10921469179317,466.92694393257926,412.8177292407861,-54.10921469179317,821.1447128375675,856.226467187964,35.08175435039652,5974.882411401488,6637.863180713092,662.9807693116045,3518.1184618731504,3899.831020831122,381.7125589579714,1.0,1.0,0.0,0.9462025316455697,0.9537774944214218,0.007574962775852123,-3.313201009142053,-3.312549658909786,0.000651350232267145
final,70.0,75.0,72.5,3530,4011,-701.5397689006518,-618.124308263081,83.41546063757073,-136.1543954418459,-127.82370030636456,8.33069513548135,610.4455449439339,489.66120248992047,-120.78434245401343,610.4455449439339,489.66120248992047,-120.78434245401343,1142.5837029996073,962.7881084528943,-179.795594546713,8390.984499862047,7534.665585955574,-856.3189139064725,4941.484853427082,4334.213634371622,-607.2712190554603,1.0,1.0,0.0,0.9621042134131139,0.953257790368272,-0.008846423044841956,-3.3146122213911737,-3.3120548045325777,0.0025574168585960066
final,75.0,80.0,77.5,3370,2889,-464.25539309844993,-577.9278430046147,-113.67244990616479,-61.7088821072397,-99.39522054089315,-37.68633843365345,500.0672677916107,459.5437674482365,-40.52350034337417,500.0672677916107,459.5437674482365,-40.52350034337417,853.1291250898844,904.0068981578285,50.87777306794408,6135.789599034119,7250.493590002842,1114.7039909687228,3675.3975124406534,4348.873257006992,673.475744566339,1.0,1.0,0.0,0.9404638283142956,0.9540059347181009,0.013542106403805265,-3.314244738663898,-3.3130433946587536,0.001201344005144378
final,80.0,85.0,82.5,3250,3930,-663.0901729493936,-600.278504826445,62.81166812294862,-132.6807472197577,-123.54004910297385,9.140698116783852,628.4810444983982,412.83460366347947,-215.64644083491874,628.4810444983982,412.83460366347947,-215.64644083491874,1128.6494512723411,881.3599078956544,-247.28954337668677,8135.572735797312,7007.946087682633,-1127.6266481146786,4927.64451413716,4142.563574615753,-785.0809395214064,1.0,1.0,0.0,0.962086513994911,0.9538461538461539,-0.008240360148757064,-3.3146490432569973,-3.313230732307692,0.0014183109493051127
final,85.0,90.0,87.5,3650,2970,-502.99744861494486,-629.3860626384685,-126.38861402352364,-68.64544940744814,-113.95256268046495,-45.30711327301681,480.2985501844946,520.3679203594212,40.069370174926576,480.2985501844946,520.3679203594212,40.069370174926576,855.5716548666387,1002.6594140483809,147.08775918174217,6178.524206684328,7924.373736623608,1745.8495299392798,3695.05578977892,4729.859992921948,1034.8042031430282,1.0,1.0,0.0,0.9474747474747475,0.9553424657534246,0.00786771827867716,-3.3143582727272722,-3.3126598794520548,0.0016983932752174802
final,90.0,95.0,92.5,3043,3758,-642.4112229861298,-585.6180094768546,56.79321350927523,-125.4296973682059,-168.19704447239195,-42.76734710418606,627.6611141788263,300.50404646926313,-327.1570677095632,627.6611141788263,300.50404646926313,-327.1570677095632,1110.1967423885842,794.0092974911591,-316.18744489742505,7947.847400895915,6448.621686953532,-1499.2257139423828,4719.130393362143,3809.052450941086,-910.0779424210568,1.0,1.0,0.0,0.9630122405534859,0.9536641472231351,-0.009348093330350804,-3.3143734672698244,-3.312514005915215,0.0018594613546092376
final,95.0,100.0,97.5,3857,3142,-593.6077606039019,-871.5911474159893,-277.9833868120875,-156.36935282358246,-309.27722479755784,-152.90787197397538,359.4746101916635,223.28226447209983,-136.19234571956366,359.4746101916635,223.28226447209983,-136.19234571956366,827.5605079343267,962.7900641868388,135.2295562525121,6531.977480334639,8223.63057829786,1691.6530979632207,3885.1562120394847,4559.708872852878,674.5526608133932,1.0,1.0,0.0,0.9528962444302992,0.9582577132486388,0.005361468818339654,-3.3144788828771485,-3.312938522167488,0.001540360709660682
final,100.0,110.0,105.0,6900,6900,-791.8078466684574,-752.0369717350449,39.77087493341253,-296.24011553559455,-277.78168570826966,18.458429827324892,164.43771073438538,224.87910217068685,60.44139143630147,164.43771073438538,224.87910217068685,60.44139143630147,828.4959163973298,854.9835219560607,26.487605558730934,7140.571052611858,7246.04686898658,105.47581637472194,4135.640399211103,4171.412712998588,35.77231378748547,1.0,1.0,0.0,0.9555072463768116,0.9539130434782609,-0.0015942028985507228,-3.3146376594202898,-3.313561728985507,0.0010759304347827126
final,110.0,120.0,115.0,6900,6900,-1496.690218325129,-1623.4036223029143,-126.71340397778522,-1038.2113855215264,-1150.3937957325456,-112.18241021101926,18.907634080055306,-180.47972483194673,-199.38735891200204,18.907634080055306,180.47972483194673,161.5720907518914,1348.8851906967434,1276.2081372361574,-72.67705346058597,8164.413972835346,8025.6447428686515,-138.76922996669418,4336.05244538037,4133.668178447615,-202.38426693275505,1.0,1.0,0.0,0.9557971014492753,0.9517391304347826,-0.004057971014492678,-3.2007469492753624,-3.201138863768116,-0.0003919144927535534
final,120.0,121.06800000000001,120.534,0,0,,,,,,,,,,,,,,,,,,,,,,0.0,0.0,0.0,0.0,0.0,0.0,,,
last20_mean,0.0,2.0,1.0,1140.4,1159.8,-871.1707458123765,-1031.3008506107935,-160.13010479841705,-2476.885493463665,-3084.4727661139605,-607.5872726502953,102.9791918873569,155.28720588051675,52.30801399315985,362.1013914001978,436.7958553968705,74.69446399667265,2281.9211577273536,2860.3435347884615,578.4223770611079,13382.249281081255,13246.605878485545,-135.64340259570963,9327.466510428105,9151.929077060158,-175.5374333679465,1.0,1.0,0.0,0.9790104439493297,0.9798592620352216,0.0008488180858918781,-3.389207382204904,-3.4142299364254667,-0.025022554220562654
last20_mean,2.0,4.0,3.0,1334.9,1304.8,-1260.0726531654695,-1194.1982639690536,65.8743891964159,-835.5219000792916,-910.3486141993296,-74.82671412003799,-251.2782968346537,-399.0916920313061,-147.81339519665238,506.8473921202443,603.7024814359829,96.85508931573861,907.9827171225979,731.8830726833564,-176.0996444392415,10744.69563847418,10802.05152518173,57.35588670754987,7667.18208888982,7675.736538222981,8.554449333160846,1.0,1.0,0.0,0.969837489356534,0.9725910191644427,0.002753529807908661,-3.270057782894458,-3.2609573824183142,0.00910040047614391
last20_mean,4.0,6.0,5.0,1370.4,1351.1,-968.4072242447673,-971.9034797688568,-3.496255524089406,-510.2503953899437,-531.439442449076,-21.189047059132236,-279.6286134962535,-299.5057008529214,-19.877087356667914,451.0865424311397,405.8255100788258,-45.26103235231392,634.2812085239436,635.9543170047193,1.6731084807756815,8250.061133681162,8267.21796271226,17.156829031098823,5026.155601736764,4939.878148396118,-86.27745334064548,1.0,1.0,0.0,0.963961958609224,0.960203294815647,-0.003758663793576922,-3.301450863493796,-3.3018088596259276,-0.0003579961321316105
last20_mean,6.0,8.0,7.0,1377.1,1355.9,-1001.4229512612094,-1013.358514531065,-11.935563269855606,-516.8274983756778,-540.8649884606658,-24.037490084988008,-217.1115465956521,-268.10570808342425,-50.994161487772146,381.1597601034829,347.6080453222471,-33.55171478123577,706.829392251699,680.8566008233435,-25.97279142835555,7369.948227173879,7528.262594099852,158.31436692597345,4495.506080848812,4517.969806808957,22.463725960144984,1.0,1.0,0.0,0.9587269449217481,0.961355088874793,0.0026281439530448925,-3.310962981319487,-3.3104431960243668,0.0005197852951202009
last20_mean,8.0,10.0,9.0,1375.9,1365.6,-1006.3298679169857,-989.669756585364,16.660111331621692,-534.6366998428335,-525.7681941231364,8.868505719697168,-256.2139344128203,-247.9404256173644,8.27350879545591,416.1573638679761,371.24251969744853,-44.914844170527545,681.6456248793894,680.4965200290957,-1.1491048502937247,7195.71805278793,7307.507218386512,111.78916559858226,4339.882077470198,4274.826585793332,-65.05549167686604,1.0,1.0,0.0,0.9565687925819905,0.956969774588778,0.00040098200678750917,-3.312556142678614,-3.3120073211230094,0.0005488215556046505
last20_mean,10.0,12.0,11.0,1378.8,1362.4,-1032.648261385819,-983.1159240975627,49.53233728825637,-556.160315314203,-500.00547379885427,56.15484151534872,-308.86948468373095,-224.73248476240633,84.13699992132462,455.50578220880925,329.11554556665726,-126.39023664215199,662.1140237395846,695.1879801575767,33.07395641799212,7093.182268283619,7307.9844973888685,214.80222910524935,4284.025685438707,4315.32119914258,31.29551370387253,1.0,1.0,0.0,0.9531334640381562,0.9538673166463922,0.0007338526082359964,-3.3132552561515722,-3.3124389420755898,0.0008163140759824827
last20_mean,12.0,14.0,13.0,1378.7,1362.8,-1000.1383609357684,-1000.1855641193309,-0.04720318356248754,-519.4081589065427,-524.3606834595065,-4.952524552963837,-235.3609783096154,-233.1631680657178,2.1978102438976066,394.41853907142485,327.2901713353514,-67.12836773607347,698.0054136522887,703.4196135979498,5.414199945661153,7137.577162555202,7167.854945594238,30.277783039035967,4198.2107731461865,4357.013981952281,158.80320880609452,1.0,1.0,0.0,0.9535862606023281,0.9591511053144975,0.005564844712169448,-3.3133276193960106,-3.312935832145714,0.00039178725029653805
last20_mean,14.0,16.0,15.0,1378.1,1373.2,-991.2476838116916,-1007.4742080382532,-16.22652422656165,-510.2979497103653,-528.5669275871948,-18.268977876829467,-203.2294186871174,-232.42492719644383,-29.19550850932643,368.8552059607651,323.55213038424915,-45.30307557651594,715.6170705719883,705.4693164843659,-10.147754087622388,7165.556155251843,7171.101148598459,5.544993346616138,4291.252605351602,4257.220582271337,-34.03202308026539,1.0,1.0,0.0,0.9557932244970969,0.9548681435031365,-0.000925080993960381,-3.3133823589711517,-3.312824809050354,0.0005575499207979284
last20_mean,16.0,18.0,17.0,1379.3,1376.0,-1020.4153013056641,-997.4532377118594,22.962063593804714,-544.2783614854927,-519.7805207516496,24.497840733843077,-287.08910854066556,-235.89649398091834,51.19261455974723,435.69278135801704,305.444108356201,-130.24867300181603,675.4888372518174,698.13050871558,22.64167146376269,7129.174210453942,7197.202488262343,68.02827780840107,4198.069753874894,4323.84935900848,125.7796051335863,1.0,1.0,0.0,0.9559475419160235,0.9583869554661855,0.002439413550161973,-3.3131495675819322,-3.312739282996612,0.0004102845853202197
last20_mean,18.0,20.0,19.0,1379.4,1374.7,-1037.967474148695,-1042.2538843266136,-4.286410177918697,-553.6394603089133,-564.2538584513226,-10.6143981424093,-313.45292873928736,-306.4865810474498,6.966347691837541,471.75140606330626,363.4824635079627,-108.26894255534359,674.55244216031,662.098439436596,-12.454002723713984,7121.135386054576,7167.505068433442,46.369682378865946,4270.8216002421495,4199.95834043762,-70.86325980452966,1.0,1.0,0.0,0.9570202690034874,0.9533842794759824,-0.0036359895275049903,-3.313157070448318,-3.3129409433232078,0.00021612712511043242
last20_mean,20.0,22.0,21.0,1379.8,1377.8,-1040.2273081047879,-1050.2956410301538,-10.068332925365894,-552.9539063348471,-563.9412945800128,-10.987388245165675,-295.02259683075795,-309.49473261728616,-14.472135786528213,460.03111055680273,369.9343898346883,-90.09672072211441,685.9625864726393,676.270391420104,-9.692195052535226,7212.167070736951,7178.730936987928,-33.43613374902361,4286.795100336788,4311.913301551654,25.11820121486562,1.0,1.0,0.0,0.9589967482542491,0.956733030436886,-0.00226371781736312,-3.313404154774344,-3.313027450795103,0.0003767039792408333
last20_mean,22.0,24.0,23.0,1379.9,1378.5,-1034.4039523277909,-1027.654248490196,6.7497038375947795,-552.517399511377,-540.7138598499679,11.803539661409104,-266.6550301975678,-296.6010158052697,-29.945985607701914,446.7762160139543,343.55367433836875,-103.22254167558555,709.4382445754517,672.7485038082567,-36.68974076719496,7200.059934845182,7265.588557016754,65.52862217157144,4354.038851646498,4251.78858220588,-102.25026944061847,1.0,1.0,0.0,0.954659150946173,0.9568079683870898,0.0021488174409167726,-3.3135786928361,-3.3128591749608516,0.0007195178752485987
last20_mean,24.0,26.0,25.0,1379.3,1377.5,-1006.7002076541327,-1033.9677702666618,-27.267562612529105,-536.5769214977951,-545.2237182542099,-8.646796756414801,-261.65313905875945,-276.65390740504824,-15.000768346288794,466.6472765075093,335.9031505391825,-130.74412596832678,694.4734840060847,692.7858517529272,-1.687632253157517,7134.075009434944,7160.143795150905,26.068785715960985,4276.6536039012835,4165.060885581443,-111.59271831984097,1.0,1.0,0.0,0.9541340502518135,0.955405596546228,0.001271546294414505,-3.3130449621223357,-3.3130331294151176,1.1832707218051297e-05
last20_mean,26.0,28.0,27.0,1380.4,1379.3,-1018.4626448233379,-996.2422534012912,22.220391422046646,-536.2713898563119,-509.367409861912,26.90397999439989,-272.1066674405374,-212.44309553640682,59.663571904130606,454.55526199230223,342.5977354056509,-111.95752658665134,690.8545878633989,717.2789675543897,26.424379690990804,7148.433804991575,7221.001976601855,72.56817161027993,4219.831264366945,4184.516110103291,-35.31515426365422,1.0,1.0,0.0,0.9541766161648031,0.9525496355868309,-0.0016269805779721702,-3.3130493157799563,-3.312958106873586,9.120890637026591e-05
last20_mean,28.0,30.0,29.0,1379.5,1376.9,-1010.9969873339757,-992.9990008803336,17.997986453642056,-523.6784321978109,-495.2602647312475,28.418167466563432,-246.86673862978643,-198.89291751668296,47.97382111310347,467.7068102879195,360.2468332126046,-107.4599770753149,702.0450381884959,728.6308167285661,26.585778540070123,7145.453178415017,7202.343587992984,56.89040957796715,4231.838990108214,4253.515938300721,21.676948192507552,1.0,1.0,0.0,0.9534499436607771,0.955637417654809,0.002187473994031963,-3.3134687711355135,-3.3127501036284586,0.0007186675070549597
last20_mean,30.0,32.0,31.0,1380.1,1378.7,-991.9746331003716,-1000.5475563165937,-8.57292321622208,-516.8692842762678,-515.1855083689677,1.6837759073000598,-205.74675837760478,-224.97827058214799,-19.231512204543208,408.5557114141651,349.9142651763206,-58.64144623784449,712.7078535783177,704.3984457935583,-8.3094077847594,7136.290114806597,7185.666700730211,49.376585923614584,4239.337853158091,4248.295610989275,8.957757831183699,1.0,1.0,0.0,0.9582264648784472,0.9565978759353124,-0.0016285889431347789,-3.3133987366240314,-3.3129771686852627,0.0004215679387686855
last20_mean,32.0,34.0,33.0,1380.0,1377.8,-986.7065817369843,-1010.3863353142831,-23.67975357729881,-516.6865092283158,-529.7821741397632,-13.095664911447443,-240.36304032181118,-253.77251756351126,-13.409477241700074,461.79837863627165,338.2489815508974,-123.54939708537427,681.4412119520787,691.6275007347771,10.186288782698398,7089.35122054667,7165.316810455501,75.96558990883022,4163.30339763485,4230.488446154182,67.18504851933267,1.0,1.0,0.0,0.9538354401835196,0.9541304347826086,0.0002949945990889935,-3.313231594118111,-3.3130135072463767,0.00021808687173452412
last20_mean,34.0,36.0,35.0,1379.9,1377.2,-1032.2118038606245,-995.6548235158476,36.55698034477689,-553.8995459370939,-521.2215019147828,32.67804402231104,-277.3831264176462,-231.88680856176302,45.496317855883206,514.0365986300611,361.9209930265372,-152.11560560352393,702.19999252924,697.4491380611087,-4.750854468131365,7094.461857305758,7184.78495511978,90.32309781402182,4317.775196384899,4245.367934559191,-72.40726182570779,1.0,1.0,0.0,0.9570039018952062,0.9546340027955564,-0.002369899099649797,-3.313855950388046,-3.3133298039263908,0.0005261464616550526
last20_mean,36.0,38.0,37.0,1380.0,1378.8,-1023.0294123927557,-1011.9252789869809,11.10413340577486,-540.4291257784367,-533.8300359374268,6.5990898410099135,-262.45729485818384,-250.94133704318557,11.515957814998274,506.34896795778934,399.2389748377124,-107.10999312007692,706.2130875594828,695.9266895407836,-10.286398018699174,7075.6049859312625,7126.126803879332,50.52181794806984,4291.1756852286,4304.813037108821,13.637351880221104,1.0,1.0,0.0,0.9529271548436308,0.9544202898550725,0.0014931350114417707,-3.3138736139079583,-3.3133067188405803,0.0005668950673780593
last20_mean,38.0,40.0,39.0,1380.0,1380.3,-1024.349677252409,-1026.1969549908877,-1.847277738478624,-538.9823177290266,-538.5017288653173,0.4805888637092721,-270.06527989664244,-267.63832046483725,2.4269594318051873,550.7510777786649,391.67513620169905,-159.07594157696587,694.6805262870608,691.0426118644281,-3.6379144226327753,7131.155063687258,7092.718215473217,-38.436848214040765,4330.758371819966,4246.541245779775,-84.21712604019103,1.0,1.0,0.0,0.960009902857682,0.9571739130434784,-0.002835989814203521,-3.31370366123267,-3.313232595652174,0.0004710655804958108
last20_mean,40.0,42.0,41.0,1380.0,1378.4,-1019.5769520719343,-1026.382312998115,-6.805360926180583,-533.8410642543206,-553.9428704989558,-20.101806244635213,-265.06823172979944,-284.8971829696819,-19.828951239882485,583.8782272641531,400.50828725744105,-183.36994000671206,707.1182523247306,683.0215534255391,-24.09669889919155,7173.496538648088,7184.81759619479,11.321057546701923,4343.067290556848,4235.947906371746,-107.11938418510181,1.0,1.0,0.0,0.9589421564877387,0.9542028985507244,-0.004739257937014352,-3.31378060315143,-3.3130974224637684,0.0006831806876617108
last20_mean,42.0,44.0,43.0,1380.0,1379.1,-1022.6396550671016,-1044.607865364604,-21.968210297502537,-546.2212739481431,-569.6359892383157,-23.41471529017258,-267.4656529909331,-312.79479751409684,-45.329144523163734,586.0468908804319,416.58432928287556,-169.46256159755632,695.906272223943,670.905170544823,-25.001101679119984,7127.0706697808955,7147.619239211148,20.548569430252428,4284.521484588902,4187.184703103331,-97.33678148557101,1.0,1.0,0.0,0.9567825769828433,0.9565942028985507,-0.0001883740842926196,-3.3136316797529575,-3.313289621014492,0.0003420587384654894
last20_mean,44.0,46.0,45.0,1380.0,1378.9,-1012.5736233547266,-1039.8946951335545,-27.3210717788279,-546.5305982238676,-552.9410794958482,-6.4104812719805295,-268.89681318412795,-292.7253614401483,-23.828548256020326,551.3292596983576,429.7259137146002,-121.60334598375744,693.4012618140002,687.4124288047412,-5.988833009258997,7041.1541672862395,7096.537585921641,55.38341863540154,4327.934835204216,4249.668577390123,-78.26625781409348,1.0,1.0,0.0,0.9575673558399764,0.9567391304347825,-0.0008282254051938942,-3.313695900529319,-3.3131836586956522,0.0005122418336669377
last20_mean,46.0,48.0,47.0,1380.0,1379.6,-990.6817640485099,-1023.8518025095148,-33.17003846100488,-512.4911614384173,-535.7391104039382,-23.24794896552089,-222.53362620312342,-279.4887675635058,-56.955141360382385,536.3089274440479,442.18993301620975,-94.11899442783812,707.5177337769601,691.0926525721331,-16.425081204826938,7121.110283730149,7134.026674962061,12.916391231912712,4245.119419085281,4292.259597565672,47.140178480391114,1.0,1.0,0.0,0.9557813026626221,0.9549275362318841,-0.0008537664307379789,-3.313788056669194,-3.313117179710145,0.0006708769590488828
last20_mean,48.0,50.0,49.0,1380.0,1380.0,-965.6474862042966,-1013.2408144624144,-47.59332825811782,-491.1040378425954,-523.0222699870061,-31.918232144410695,-163.1346928935559,-232.20610252364085,-69.07140963008496,460.3651588736314,384.6660318648842,-75.69912700874721,733.2320496781566,712.7911314023793,-20.440918275777335,7126.930476508338,7166.024560151205,39.09408364286719,4268.445465794998,4279.209182332107,10.763716537108849,1.0,1.0,0.0,0.956231884057971,0.9580434782608697,0.0018115942028986698,-3.313693667391304,-3.313471155072463,0.0002225123188410727
last20_mean,50.0,55.0,52.5,3336.6,3505.9,-1006.9705836490473,-919.0770463777917,87.89353727125558,-513.5538018438508,-452.05882495210216,61.49497689174865,-207.29137631710742,-124.83487295707411,82.45650336003331,562.5618189190128,361.1159088723649,-201.4459100466479,739.2565224551503,721.1182143119761,-18.138308143174186,7225.479079914869,6922.093196754853,-303.3858831600155,4355.84409329874,4129.79431541985,-226.04977787888947,1.0,1.0,0.0,0.9555140736955796,0.9559307955817937,0.0004167218862141109,-3.3137881114006915,-3.313457433684273,0.00033067771641848154
last20_mean,55.0,60.0,57.5,3563.4,3394.1,-1004.7816611647886,-1092.6075411382667,-87.8258799734781,-534.0833348757386,-596.2216904264134,-62.13835555067476,-267.19764128329257,-340.59996751929833,-73.40232623600576,578.2806532524684,458.48908332443006,-119.79156992803831,699.6959073730748,687.0280167420889,-12.66789063098588,6976.065159704235,7355.715123746134,379.6499640418988,4288.055371013163,4366.690291993545,78.63492098038205,1.0,1.0,0.0,0.9539518116384358,0.9568127153403976,0.0028609037019617922,-3.3137493109547846,-3.313324466217638,0.0004248447371466568
last20_mean,60.0,65.0,62.5,3213.1,3388.4,-1000.1490623215823,-958.7197968453805,41.42926547620175,-528.7110226212848,-511.3292598749998,17.38176274628495,-247.6935362599432,-261.86902008974806,-14.175483829804875,576.4617455673542,408.69540908807716,-167.76633647927707,697.4720280127333,650.5701038927957,-46.901924119937576,6983.778743138981,6700.616673413974,-283.1620697250064,4258.367448228284,3985.389841148824,-272.9776070794601,1.0,1.0,0.0,0.9562781468370641,0.9516019362146979,-0.004676210622366228,-3.3138815011500293,-3.313142654575833,0.0007388465741962058
last20_mean,65.0,70.0,67.5,3686.9,3511.6,-1068.2312647011572,-1091.2098105342436,-22.9785458330864,-567.0702142611135,-584.2451247216871,-17.174910460573642,-321.4656716971488,-309.77849040397166,11.687181293177161,576.219084626603,485.07032168349645,-91.14876294310659,702.3291922396875,710.0550259045618,7.725833664874358,7283.4672852734975,7674.083404985712,390.61611971221464,4436.952973504556,4577.748171025547,140.79519752099077,1.0,1.0,0.0,0.9568220124821709,0.9555594862791791,-0.0012625262029918316,-3.3134344961954163,-3.3128415356412235,0.0005929605541927785
last20_mean,70.0,75.0,72.5,3076.4,3247.6,-923.0608871093075,-899.5005287088392,23.560358400468317,-472.8113281392357,-469.37957767916413,3.431750460071555,-181.39009639184457,-225.57489992739056,-44.184803535545996,513.1129830969257,387.5002972497558,-125.61268584716993,677.6889665748638,607.0245414446812,-70.66442513018262,6700.149517088488,6400.014766157629,-300.1347509308589,4095.921688669485,3788.122300763434,-307.7993879060509,1.0,1.0,0.0,0.9530284742458559,0.949821273822406,-0.0032072004234499074,-3.3138496168009617,-3.3131514280035885,0.000698188797373156
last20_mean,75.0,80.0,77.5,3823.2,3652.4,-1090.2424873441933,-1140.5915951914842,-50.34910784729095,-571.4368257850587,-601.1547110528583,-29.717885267799602,-279.64610686869423,-312.83330008086716,-33.18719321217293,540.7361340820376,459.28603607789535,-81.4500980041422,747.2793806761545,759.5115597987502,12.232179122595767,7510.259274661276,7869.575673330188,359.31639866891146,4572.844857163682,4722.572818092954,149.72796092927183,1.0,1.0,0.0,0.9603120845953901,0.9596242452594922,-0.0006878393358978885,-3.3137701515137747,-3.3131737253982982,0.0005964261154765005
last20_mean,80.0,85.0,82.5,2900.2,3085.0,-899.2299026122497,-868.3786932847779,30.851209327471793,-471.02364731806426,-456.15614772642283,14.867499591641433,-212.2656940609651,-242.93758458812334,-30.67189052715824,459.6617586951079,297.34782985222165,-162.31392884288624,636.8752276332201,577.0670706518022,-59.80815698141794,6311.776842243669,6007.617066436907,-304.1597758067619,3889.2906933084582,3578.9566484990223,-310.3340448094359,1.0,1.0,0.0,0.9502855439264384,0.9485026333782764,-0.0017829105481619312,-3.3139276933741706,-3.3132284772255174,0.0006992161486532034
last20_mean,85.0,90.0,87.5,3980.9,3810.3,-1140.9215704923713,-1203.133552139901,-62.21198164752968,-602.757566271873,-639.2250320098203,-36.46746573794735,-293.94104254814704,-354.20973928923314,-60.2686967410861,495.12776825423936,433.7856959001598,-61.34207235407956,784.9744366704623,779.9793299303755,-4.99510674008684,7799.8639343378,8231.81689459008,431.9529602522798,4662.868734768864,4873.236617192663,210.36788242379953,1.0,1.0,0.0,0.960293032705656,0.9621136856775474,0.0018206529718913789,-3.3143063164859603,-3.313462191766446,0.0008441247195141166
last20_mean,90.0,95.0,92.5,2823.2,2946.4,-844.1847631033309,-811.2774441165644,32.90731898676643,-430.92126816135703,-412.73828082477456,18.18298733658247,-157.39847229411268,-169.30717547485298,-11.908703180740304,382.02670097812154,259.6580613440243,-122.36863963409724,630.7698576106927,580.0906953890245,-50.67916222166821,6074.286856336952,5884.782233306747,-189.50462303020504,3614.615051124764,3466.459634147331,-148.15541697743265,1.0,1.0,0.0,0.948411689945989,0.9466223799600779,-0.0017893099859110917,-3.314213302219097,-3.31292535048033,0.001287951738766946
last20_mean,95.0,100.0,97.5,3956.7,3874.0,-1146.1497489070575,-1158.0737492919516,-11.924000384894043,-611.9268798751747,-596.6465182528308,15.28036162234389,-290.20783199211826,-266.1381249263174,24.069707065800856,455.11640021651067,329.61731650781576,-125.49908370869491,786.7216335944428,816.8812487007528,30.15961510631007,7921.050595550578,8263.741457007003,342.6908614564254,4762.037043270836,4800.927693232317,38.89064996148136,1.0,1.0,0.0,0.9606334475263653,0.9616187812757525,0.0009853337493872516,-3.314209119002114,-3.3132875682939398,0.0009215507081741237
last20_mean,100.0,110.0,105.0,6710.1,6817.5,-1010.3575519857206,-992.7220444541069,17.63550753161371,-532.544486210961,-522.3805178223917,10.163968388569401,-247.01789784535964,-254.19338814823737,-7.1754903028777335,315.14358263530943,254.60329451617912,-60.54028811913031,679.1273259981333,656.3881632927914,-22.73916270534187,6993.4855758916965,6960.636181156498,-32.849394735198075,4143.301486676776,4132.367270550818,-10.9342161259583,1.0,1.0,0.0,0.955097352902912,0.9561314365764362,0.0010340836735241998,-3.314288751016727,-3.3132121835223147,0.0010765674944122061
last20_mean,110.0,120.0,115.0,6599.8,6679.3,-1330.7495457592904,-1164.7816059196823,165.9679398396081,-879.1733691425658,-727.8592028826092,151.31416625995655,-183.25653556359208,-187.69002498038853,-4.433489416796448,183.25653556359208,187.69002498038853,4.433489416796448,1020.8022029097204,879.8621373545648,-140.94006555515568,7681.359788781387,7432.885777219919,-248.4740115614677,4114.127544461744,4093.9619841235676,-20.16556033817642,1.0,1.0,0.0,0.9550664014710911,0.9527307987345335,-0.0023356027365576404,-3.2308580968173763,-3.2499435790099844,-0.019085482192608083
last20_mean,120.0,121.06800000000001,120.534,629.5,387.4,-2206.3464938177763,-1878.6602206469863,327.68627317078995,-2138.000829462917,-1784.4251683801265,353.5756610827905,-535.569655732971,-645.1619850897811,-109.59232935681007,535.569655732971,645.1619850897811,109.59232935681007,1638.8505877157206,1190.9530316870391,-447.8975560286815,2951.50114369682,2170.756279719062,-780.7448639777576,1400.884056412951,1355.9254932714803,-44.95856314147068,0.6,0.6,0.0,0.5602942209630608,0.5770149511677729,0.016720730204712098,-2.7106435856573707,-2.6964027093596057,0.014240876297765048
