r_lo_A,r_hi_A,eps0000_sxx,eps0000_syy,eps0000_szz,eps0000_sxz,eps0000_vm,eps0000_natoms,eps00194_sxx,eps00194_syy,eps00194_szz,eps00194_sxz,eps00194_vm,eps00194_natoms,delta_sxx,delta_syy,delta_szz,delta_sxz,delta_vm,delta_natoms
0.0,5.0,-1062.140,-1402.974,-724.099,-63.355,598.078,1355.400,-978.430,-1458.802,-547.999,12.336,789.463,1363.250,83.710,-55.828,176.100,75.691,191.384,1363.250
5.0,10.0,563.076,226.956,-435.820,-88.743,893.671,1527.500,596.879,263.404,-371.750,-43.880,855.694,1541.150,33.803,36.448,64.070,44.863,-37.977,1541.150
10.0,15.0,592.446,304.716,-366.567,-146.255,889.230,1449.150,660.193,368.181,-257.750,-133.757,844.697,1442.950,67.747,63.465,108.817,12.499,-44.533,1442.950
15.0,20.0,546.710,290.085,-378.337,-210.073,903.642,1437.900,604.365,341.505,-292.673,-179.824,857.314,1435.750,57.655,51.420,85.663,30.249,-46.328,1435.750
20.0,25.0,560.770,303.821,-345.965,-309.748,971.102,1439.450,600.531,331.490,-307.816,-257.275,922.858,1437.250,39.761,27.670,38.149,52.473,-48.244,1437.250
25.0,30.0,373.841,81.342,-387.772,-439.510,1011.112,1439.950,467.610,71.697,-361.790,-338.543,927.424,1437.050,93.769,-9.645,25.982,100.967,-83.687,1437.050
30.0,35.0,654.912,397.677,-391.376,-357.677,1129.400,1480.300,672.285,540.610,-307.279,-273.718,1035.695,1491.000,17.373,142.933,84.097,83.959,-93.705,1491.000
35.0,40.0,1446.766,744.239,-338.613,-178.927,1588.361,1557.850,1431.434,771.765,-343.671,-89.982,1561.880,1536.750,-15.332,27.526,-5.058,88.945,-26.480,1536.750
40.0,45.0,1610.703,1080.536,-383.648,67.146,1792.958,1432.500,1554.982,813.593,-357.084,129.141,1684.667,1446.050,-55.721,-266.942,26.563,61.995,-108.291,1446.050
45.0,50.0,1347.912,1014.137,-273.495,100.296,1493.103,1392.250,1230.519,706.721,-357.588,182.093,1436.688,1396.550,-117.393,-307.416,-84.093,81.798,-56.415,1396.550
50.0,55.0,408.028,487.157,-276.993,154.085,775.207,1477.950,406.477,304.323,-350.943,205.316,795.746,1485.000,-1.550,-182.833,-73.950,51.231,20.538,1485.000
55.0,60.0,719.557,264.079,-254.823,190.264,906.460,1495.400,737.295,316.473,-256.477,204.836,933.994,1502.400,17.738,52.393,-1.654,14.572,27.534,1502.400
60.0,65.0,755.724,395.102,-230.574,175.314,916.164,1430.750,774.388,432.774,-181.010,178.453,893.668,1420.400,18.664,37.671,49.565,3.139,-22.496,1420.400
65.0,70.0,688.118,416.304,-146.741,183.836,803.326,1435.150,724.747,451.328,-100.276,169.857,785.111,1425.400,36.630,35.023,46.465,-13.979,-18.215,1425.400
70.0,75.0,664.735,440.164,-62.130,193.232,726.325,1583.550,695.014,469.551,3.145,147.538,662.440,1610.650,30.279,29.386,65.276,-45.694,-63.885,1610.650
75.0,80.0,575.905,420.719,-16.029,184.181,619.981,1539.550,560.210,413.872,-60.948,157.570,625.170,1519.250,-15.695,-6.847,-44.918,-26.611,5.189,1519.250
80.0,85.0,463.724,371.844,-78.021,161.484,574.792,1444.550,494.531,394.237,-18.930,126.982,520.171,1455.200,30.807,22.392,59.090,-34.502,-54.621,1455.200
85.0,90.0,422.334,375.124,-11.467,135.641,474.476,1442.350,429.107,374.243,-32.164,105.738,473.303,1430.950,6.773,-0.880,-20.698,-29.903,-1.172,1430.950
90.0,95.0,368.681,365.380,-22.768,84.696,416.499,1461.100,372.017,354.048,-13.796,93.942,410.752,1464.150,3.336,-11.332,8.973,9.246,-5.748,1464.150
95.0,100.0,299.753,312.709,-68.022,67.545,392.273,1499.350,320.980,344.876,-17.273,66.669,369.328,1476.100,21.227,32.167,50.749,-0.876,-22.945,1476.100
100.0,105.0,291.134,320.936,-37.164,73.746,367.107,1509.450,263.264,298.873,-102.681,66.316,401.756,1542.900,-27.870,-22.063,-65.517,-7.431,34.650,1542.900
105.0,110.0,307.892,348.335,13.745,46.004,326.195,1547.650,313.905,349.038,14.530,44.438,327.569,1561.600,6.013,0.703,0.785,-1.566,1.374,1561.600
110.0,115.0,359.783,392.748,84.389,39.469,301.131,1573.200,319.855,359.049,37.243,28.308,308.036,1564.250,-39.928,-33.698,-47.146,-11.160,6.905,1564.250
115.0,120.0,291.945,320.504,-44.367,43.705,359.523,1478.200,269.927,303.606,-57.676,35.015,350.955,1468.400,-22.019,-16.899,-13.309,-8.691,-8.568,1468.400
120.0,125.0,267.576,297.145,-102.538,70.824,404.785,1442.800,265.640,305.084,-81.416,18.288,369.725,1449.100,-1.936,7.939,21.122,-52.535,-35.060,1449.100
125.0,130.0,282.096,308.570,-71.181,53.637,378.799,1423.900,239.454,277.803,-124.357,31.430,388.258,1415.200,-42.642,-30.766,-53.176,-22.207,9.460,1415.200
130.0,135.0,256.391,273.555,-138.866,24.543,406.342,1454.000,261.325,298.051,-67.353,18.455,349.958,1461.900,4.934,24.496,71.514,-6.088,-56.384,1461.900
135.0,140.0,236.874,276.219,-132.082,28.345,393.196,1453.250,235.056,281.093,-95.792,8.488,356.409,1454.300,-1.817,4.875,36.290,-19.857,-36.787,1454.300
140.0,145.0,274.661,312.986,-34.473,-1.198,329.977,1503.050,256.519,307.708,-55.616,20.075,342.397,1512.450,-18.142,-5.278,-21.143,21.274,12.420,1512.450
145.0,150.0,257.774,309.903,-64.267,7.103,351.236,1710.550,259.600,292.138,-66.412,5.841,343.588,1707.950,1.826,-17.765,-2.145,-1.262,-7.648,1707.950
150.0,155.0,230.599,283.110,-81.429,0.176,341.327,1498.300,189.087,240.656,-201.034,31.048,421.739,1499.050,-41.512,-42.454,-119.605,30.872,80.412,1499.050
155.0,160.0,223.870,276.242,-106.211,-3.887,359.205,1440.200,240.549,280.125,-126.528,5.804,388.510,1437.400,16.679,3.884,-20.317,9.691,29.305,1437.400
160.0,165.0,216.269,266.691,-151.683,8.388,395.848,1467.800,227.257,267.748,-153.021,-9.957,402.426,1480.650,10.988,1.057,-1.338,-18.345,6.578,1480.650
165.0,170.0,212.872,251.541,-162.685,23.151,398.332,1441.700,246.669,272.213,-140.735,4.756,400.871,1430.750,33.797,20.672,21.950,-18.394,2.540,1430.750
170.0,175.0,230.887,245.842,-187.834,36.000,430.930,1467.550,227.621,256.277,-161.823,-5.879,404.662,1470.350,-3.267,10.435,26.011,-41.879,-26.269,1470.350
175.0,180.0,255.194,271.231,-153.742,15.777,418.080,1452.300,221.960,261.382,-175.227,-5.684,418.410,1469.950,-33.234,-9.849,-21.485,-21.461,0.330,1469.950
180.0,185.0,288.759,285.227,-148.334,10.649,435.728,1540.300,260.894,284.651,-124.441,7.871,397.980,1553.700,-27.865,-0.576,23.892,-2.778,-37.748,1553.700
185.0,190.0,245.531,251.503,-219.173,0.695,467.720,1591.650,226.211,250.184,-180.777,14.965,420.288,1579.750,-19.320,-1.319,38.396,14.271,-47.432,1579.750
190.0,195.0,227.682,240.445,-200.326,-28.218,437.270,1522.200,225.715,244.538,-197.832,7.984,433.487,1504.650,-1.967,4.094,2.494,36.202,-3.783,1504.650
195.0,200.0,223.711,236.965,-218.086,-9.297,448.860,1464.850,205.624,222.124,-254.444,8.746,468.781,1483.100,-18.087,-14.841,-36.358,18.044,19.921,1483.100
200.0,205.0,214.373,233.603,-226.665,-22.231,452.602,1467.750,232.719,249.963,-202.483,16.586,445.003,1481.250,18.346,16.360,24.183,38.817,-7.599,1481.250
205.0,210.0,224.628,243.369,-212.364,-4.867,446.737,1474.350,226.263,231.694,-216.608,1.297,445.618,1464.100,1.636,-11.675,-4.244,6.164,-1.119,1464.100
210.0,215.0,221.347,247.299,-192.295,9.073,427.499,1451.450,255.666,253.522,-195.060,-5.257,449.750,1455.200,34.319,6.222,-2.765,-14.330,22.251,1455.200
215.0,220.0,213.029,232.432,-226.904,17.142,450.927,1537.700,237.605,248.173,-197.605,-10.325,440.952,1568.050,24.576,15.741,29.299,-27.467,-9.975,1568.050
220.0,225.0,245.610,246.675,-212.390,22.857,460.240,1485.550,243.306,245.154,-224.566,4.817,468.873,1462.000,-2.304,-1.521,-12.175,-18.040,8.633,1462.000
225.0,230.0,248.233,235.594,-240.249,5.982,482.398,1533.200,244.075,248.650,-221.888,0.784,468.270,1536.900,-4.158,13.057,18.361,-5.198,-14.128,1536.900
230.0,235.0,253.170,235.751,-249.490,9.142,494.435,1521.750,246.235,236.331,-259.412,-0.453,500.769,1527.450,-6.935,0.580,-9.922,-9.595,6.335,1527.450
235.0,240.0,244.300,229.666,-241.296,-12.561,478.941,1463.200,239.525,234.451,-223.259,-2.443,460.288,1445.600,-4.775,4.786,18.036,10.117,-18.653,1445.600
240.0,245.0,229.208,230.401,-246.411,-16.707,477.095,1533.300,238.627,227.735,-240.703,19.389,475.167,1546.150,9.419,-2.665,5.707,36.095,-1.928,1546.150
245.0,250.0,243.174,247.982,-193.321,-13.313,439.524,1457.250,230.834,241.737,-217.728,0.359,454.112,1469.300,-12.340,-6.245,-24.407,13.672,14.588,1469.300
250.0,255.0,235.769,233.090,-211.763,-10.306,446.555,1421.750,232.731,229.779,-243.258,-18.634,475.617,1428.000,-3.038,-3.311,-31.496,-8.328,29.062,1428.000
255.0,260.0,236.062,240.137,-195.852,24.097,435.968,1547.400,220.103,214.261,-284.506,10.329,502.032,1579.800,-15.960,-25.876,-88.654,-13.768,66.064,1579.800
260.0,265.0,218.962,237.068,-197.198,12.748,426.075,1533.900,230.502,242.532,-216.944,8.082,453.797,1487.150,11.540,5.464,-19.746,-4.666,27.722,1487.150
265.0,270.0,187.618,214.465,-250.536,18.480,453.306,1500.200,239.860,242.190,-207.550,-0.801,448.582,1499.100,52.242,27.726,42.985,-19.281,-4.724,1499.100
270.0,275.0,169.369,179.266,-248.360,23.203,424.670,1506.850,185.902,186.602,-253.827,-14.361,440.782,1525.800,16.533,7.336,-5.468,-37.564,16.112,1525.800
275.0,280.0,-1599.117,-1586.257,-227.338,2.459,1365.401,1439.150,-1619.193,-1612.769,-221.698,1.346,1394.296,1441.900,-20.076,-26.512,5.640,-1.112,28.895,1441.900
