case,case_id,eps_z,window,step,time_ps,interface_z_A,r_bin_min_A,r_bin_max_A,r_bin_center_A,r_bin_width_A,matrix_atoms_in_bin,bin_volume_A3,atom_volume_proxy_A3,sigma_xx_mean_mpa,sigma_yy_mean_mpa,sigma_zz_mean_mpa,sigma_xy_mean_mpa,sigma_xz_mean_mpa,sigma_yz_mean_mpa,abs_sigma_zz_mean_mpa,sigma_vm_mean_mpa,sigma_principal_max_mean_mpa,sigma_vm_median_mpa,sigma_vm_p90_mpa,sigma_vm_p95_mpa,sigma_vm_p99_mpa,sigma_principal_max_p95_mpa,abs_sigma_zz_p95_mpa,max_component_p95_mpa,fraction_vm_gt_120mpa,fraction_abs_sigma_zz_gt_120mpa,fraction_any_gt_120mpa,pe_atom_mean_ev,thermo_temp_K,thermo_press_bar,thermo_pxx_bar,thermo_pyy_bar,thermo_pzz_bar,stress_conversion_note,window_step_min,window_step_max,window_frame_count
eps0000,F0_planar_100A_comm_eps0000_cpu_zhi200,0.0,initial,0,0.0,50.0,0.0,2.0,1.0,2.0,915,23055.73536282037,25.19752498668893,-1884.7616012315416,-1387.1680125013236,-3234.220875047306,-2.04351477814325e-12,61.30810957690866,-6.457675850478688e-12,3234.220875047306,1658.7338686587823,-1387.168012501324,3880.2686325131585,7324.901055534058,10481.83774858655,18925.296107761842,10013.617350012366,8046.980808913333,9949.350189450612,1.0,1.0,1.0,-3.0467077049180324,286.81307,4615.422,1903.7136,1944.8272,9997.7253,sigma_mpa = -sum(c_stress_atom_virial)/(Lx*Ly*bin_width)*0.1; per-atom percentiles use bin_volume/count proxy,,,
eps0000,F0_planar_100A_comm_eps0000_cpu_zhi200,0.0,initial,0,0.0,50.0,2.0,4.0,3.0,2.0,690,23055.73536282037,33.414109221478796,-1547.4090615011175,-1563.5498964449516,237.3276775558304,2.3453667325044445e-12,48.56562076114258,-4.729751222539966e-11,237.3276775558304,1794.833907072009,238.64825081160188,2661.0646153409625,6885.48550425132,7330.889603265009,7985.092817090484,5921.960420565123,5812.365031570478,5812.365031570478,1.0,0.9565217391304348,1.0,-3.0808078260869562,286.81307,4615.422,1903.7136,1944.8272,9997.7253,sigma_mpa = -sum(c_stress_atom_virial)/(Lx*Ly*bin_width)*0.1; per-atom percentiles use bin_volume/count proxy,,,
eps0000,F0_planar_100A_comm_eps0000_cpu_zhi200,0.0,initial,0,0.0,50.0,4.0,6.0,5.0,2.0,1380,23055.73536282037,16.707054610739398,-928.9237373246874,-457.06591354243176,611.953578056426,2.2122245104216242e-14,-9.50460328207041,-5.93869164896572e-13,611.953578056426,1367.5338030996184,612.012203130433,2335.0515265802524,3286.577543732246,3443.8777160877794,3532.363094569164,2334.701478875617,2892.9396070167613,2992.1551802354234,1.0,1.0,1.0,-3.349930652173913,286.81307,4615.422,1903.7136,1944.8272,9997.7253,sigma_mpa = -sum(c_stress_atom_virial)/(Lx*Ly*bin_width)*0.1; per-atom percentiles use bin_volume/count proxy,,,
eps0000,F0_planar_100A_comm_eps0000_cpu_zhi200,0.0,initial,0,0.0,50.0,6.0,8.0,7.0,2.0,1380,23055.73536282037,16.707054610739398,-1647.8233030582692,-1176.788685029434,-802.7605369658406,3.469308905741758e-14,-0.6707000126717166,1.5076671449234923e-11,802.7605369658406,733.4522631338323,-802.7600046524532,771.0949827800865,816.9865818117587,824.2058894366511,870.5259551703025,-619.8428889036949,992.927861104647,1820.3448009591466,1.0,1.0,1.0,-3.351561413043478,286.81307,4615.422,1903.7136,1944.8272,9997.7253,sigma_mpa = -sum(c_stress_atom_virial)/(Lx*Ly*bin_width)*0.1; per-atom percentiles use bin_volume/count proxy,,,
eps0000,F0_planar_100A_comm_eps0000_cpu_zhi200,0.0,initial,0,0.0,50.0,8.0,10.0,9.0,2.0,1380,23055.73536282037,16.707054610739398,-1771.422418642991,-1302.1740155993614,-1095.119591835537,-1.1029589082635612e-13,0.05501912994913871,1.0872242802205206e-11,1095.119591835537,600.1879413440207,-1095.1195873595761,591.7788265396364,629.3145097353295,653.2643380966415,660.9031419234738,-1031.0391775376947,1121.0473920376503,1783.0491785698196,1.0,1.0,1.0,-3.3514095652173914,286.81307,4615.422,1903.7136,1944.8272,9997.7253,sigma_mpa = -sum(c_stress_atom_virial)/(Lx*Ly*bin_width)*0.1; per-atom percentiles use bin_volume/count proxy,,,
eps0000,F0_planar_100A_comm_eps0000_cpu_zhi200,0.0,initial,0,0.0,50.0,10.0,12.0,11.0,2.0,1380,23055.73536282037,16.707054610739398,-1773.4824700467989,-1304.292230404982,-1088.0030328788189,4.662121904493953e-13,0.002054648726424683,-8.996615628722754e-12,1088.0030328788189,606.9606893148506,-1088.0030328726607,606.8802844957673,607.7255109996303,607.8687507333782,608.2643356331469,-1086.4057534759488,1089.0070346872942,1774.3522536249163,1.0,1.0,1.0,-3.351399999999999,286.81307,4615.422,1903.7136,1944.8272,9997.7253,sigma_mpa = -sum(c_stress_atom_virial)/(Lx*Ly*bin_width)*0.1; per-atom percentiles use bin_volume/count proxy,,,
eps0000,F0_planar_100A_comm_eps0000_cpu_zhi200,0.0,initial,0,0.0,50.0,12.0,14.0,13.0,2.0,1380,23055.73536282037,16.707054610739398,-1772.8403955361819,-1303.6388355007236,-1086.113633156169,1.3792343760936644e-13,-9.406043510966598e-05,-1.696029856596248e-11,1086.113633156169,607.8901889995161,-1086.1136331561563,607.9416675442528,608.0224594766732,608.0592957602734,608.2005246382421,-1085.9065426988486,1086.5350250505119,1772.957633176078,1.0,1.0,1.0,-3.351399999999999,286.81307,4615.422,1903.7136,1944.8272,9997.7253,sigma_mpa = -sum(c_stress_atom_virial)/(Lx*Ly*bin_width)*0.1; per-atom percentiles use bin_volume/count proxy,,,
eps0000,F0_planar_100A_comm_eps0000_cpu_zhi200,0.0,initial,0,0.0,50.0,14.0,16.0,15.0,2.0,1380,23055.73536282037,16.707054610739398,-1772.8331739057555,-1303.6318741092316,-1086.141608841605,1.604819463511069e-12,-2.279919168606051e-06,-1.000774900105574e-11,1086.141608841605,607.8639571265855,-1086.1416088416051,607.8645976866276,607.8658370212627,607.8658371300103,607.8715280789309,-1086.1399818821717,1086.1519533392427,1772.8379232663062,1.0,1.0,1.0,-3.351399999999999,286.81307,4615.422,1903.7136,1944.8272,9997.7253,sigma_mpa = -sum(c_stress_atom_virial)/(Lx*Ly*bin_width)*0.1; per-atom percentiles use bin_volume/count proxy,,,
eps0000,F0_planar_100A_comm_eps0000_cpu_zhi200,0.0,initial,0,0.0,50.0,16.0,18.0,17.0,2.0,1380,23055.73536282037,16.707054610739398,-1772.8324582486862,-1303.6349319167093,-1086.145967843754,-3.1923717999528203e-12,7.501448436943053e-08,-9.140464256941312e-12,1086.145967843754,607.8594016358619,-1086.1459678437545,607.8589067748811,607.8589067762498,607.8645976810245,607.8645976820541,-1086.1459678431427,1086.1459678437543,1772.8379232663062,1.0,1.0,1.0,-3.351399999999999,286.81307,4615.422,1903.7136,1944.8272,9997.7253,sigma_mpa = -sum(c_stress_atom_virial)/(Lx*Ly*bin_width)*0.1; per-atom percentiles use bin_volume/count proxy,,,
eps0000,F0_planar_100A_comm_eps0000_cpu_zhi200,0.0,initial,0,0.0,50.0,18.0,20.0,19.0,2.0,1380,23055.73536282037,16.707054610739398,-1772.8319377708176,-1303.6349319167093,-1086.145967843754,-1.9105189058964374e-13,1.0228183846192543e-09,-3.4606871529100696e-11,1086.145967843754,607.858906774697,-1086.1459678437539,607.8589067746973,607.8589067746977,607.858906774698,607.8589067746982,-1086.1459678437527,1086.1459678437543,1772.8319377708176,1.0,1.0,1.0,-3.351399999999999,286.81307,4615.422,1903.7136,1944.8272,9997.7253,sigma_mpa = -sum(c_stress_atom_virial)/(Lx*Ly*bin_width)*0.1; per-atom percentiles use bin_volume/count proxy,,,
eps0000,F0_planar_100A_comm_eps0000_cpu_zhi200,0.0,initial,0,0.0,50.0,20.0,22.0,21.0,2.0,1380,23055.73536282037,16.707054610739398,-1772.8319377708176,-1303.6349319167093,-1086.145967843754,1.3079677404540812e-13,-1.2929793620048499e-11,-1.4477071536362967e-11,1086.145967843754,607.858906774697,-1086.145967843754,607.8589067746967,607.8589067746967,607.8589067746967,607.8589067746967,-1086.1459678437539,1086.1459678437543,1772.8319377708176,1.0,1.0,1.0,-3.351399999999999,286.81307,4615.422,1903.7136,1944.8272,9997.7253,sigma_mpa = -sum(c_stress_atom_virial)/(Lx*Ly*bin_width)*0.1; per-atom percentiles use bin_volume/count proxy,,,
eps0000,F0_planar_100A_comm_eps0000_cpu_zhi200,0.0,initial,0,0.0,50.0,22.0,24.0,23.0,2.0,1380,23055.73536282037,16.707054610739398,-1772.8319377708176,-1303.6349319167093,-1086.145967843754,7.049777046023303e-14,-1.653924162466396e-11,1.6572353818137208e-12,1086.145967843754,607.858906774697,-1086.145967843754,607.8589067746967,607.8589067746967,607.8589067746967,607.8589067746967,-1086.1459678437539,1086.1459678437543,1772.8319377708176,1.0,1.0,1.0,-3.351399999999999,286.81307,4615.422,1903.7136,1944.8272,9997.7253,sigma_mpa = -sum(c_stress_atom_virial)/(Lx*Ly*bin_width)*0.1; per-atom percentiles use bin_volume/count proxy,,,
eps0000,F0_planar_100A_comm_eps0000_cpu_zhi200,0.0,initial,0,0.0,50.0,24.0,26.0,25.0,2.0,1380,23055.73536282037,16.707054610739398,-1772.8319377708176,-1303.6349319167093,-1086.145967843754,1.9948699985587325e-13,2.6980565334867934e-12,-3.3101148759309697e-14,1086.145967843754,607.858906774697,-1086.1459678437539,607.8589067746967,607.8589067746967,607.8589067746967,607.8589067746967,-1086.1459678437539,1086.1459678437543,1772.8319377708176,1.0,1.0,1.0,-3.351399999999999,286.81307,4615.422,1903.7136,1944.8272,9997.7253,sigma_mpa = -sum(c_stress_atom_virial)/(Lx*Ly*bin_width)*0.1; per-atom percentiles use bin_volume/count proxy,,,
eps0000,F0_planar_100A_comm_eps0000_cpu_zhi200,0.0,initial,0,0.0,50.0,26.0,28.0,27.0,2.0,1380,23055.73536282037,16.707054610739398,-1772.8319377708176,-1303.6349319167093,-1086.145967843754,1.1002153140127355e-13,3.017039074458343e-14,-2.6114387958491406e-13,1086.145967843754,607.858906774697,-1086.1459678437539,607.8589067746967,607.8589067746967,607.8589067746967,607.8589067746967,-1086.145967843754,1086.1459678437543,1772.8319377708176,1.0,1.0,1.0,-3.351399999999999,286.81307,4615.422,1903.7136,1944.8272,9997.7253,sigma_mpa = -sum(c_stress_atom_virial)/(Lx*Ly*bin_width)*0.1; per-atom percentiles use bin_volume/count proxy,,,
eps0000,F0_planar_100A_comm_eps0000_cpu_zhi200,0.0,initial,0,0.0,50.0,28.0,30.0,29.0,2.0,1380,23055.73536282037,16.707054610739398,-1772.8319377708176,-1303.6349319167093,-1086.145967843754,2.100857512634755e-13,-2.2415705370795076e-14,-1.883541767964138e-13,1086.145967843754,607.858906774697,-1086.145967843754,607.8589067746967,607.8589067746967,607.8589067746967,607.8589067746967,-1086.145967843754,1086.1459678437543,1772.8319377708176,1.0,1.0,1.0,-3.351399999999999,286.81307,4615.422,1903.7136,1944.8272,9997.7253,sigma_mpa = -sum(c_stress_atom_virial)/(Lx*Ly*bin_width)*0.1; per-atom percentiles use bin_volume/count proxy,,,
eps0000,F0_planar_100A_comm_eps0000_cpu_zhi200,0.0,initial,0,0.0,50.0,30.0,32.0,31.0,2.0,1380,23055.73536282037,16.707054610739398,-1772.8319377708176,-1303.6349319167093,-1086.145967843754,1.007629750012798e-13,-5.0018107328281226e-14,-2.336322105836778e-13,1086.145967843754,607.858906774697,-1086.145967843754,607.8589067746967,607.8589067746967,607.8589067746967,607.8589067746967,-1086.145967843754,1086.1459678437543,1772.8319377708176,1.0,1.0,1.0,-3.351399999999999,286.81307,4615.422,1903.7136,1944.8272,9997.7253,sigma_mpa = -sum(c_stress_atom_virial)/(Lx*Ly*bin_width)*0.1; per-atom percentiles use bin_volume/count proxy,,,
eps0000,F0_planar_100A_comm_eps0000_cpu_zhi200,0.0,initial,0,0.0,50.0,32.0,34.0,33.0,2.0,1380,23055.73536282037,16.707054610739398,-1772.8319377708176,-1303.6349319167093,-1086.145967843754,2.056492405636284e-13,2.9270474938668255e-14,-2.060439016886765e-13,1086.145967843754,607.858906774697,-1086.1459678437539,607.8589067746967,607.8589067746967,607.8589067746967,607.8589067746967,-1086.145967843754,1086.1459678437543,1772.8319377708176,1.0,1.0,1.0,-3.351399999999999,286.81307,4615.422,1903.7136,1944.8272,9997.7253,sigma_mpa = -sum(c_stress_atom_virial)/(Lx*Ly*bin_width)*0.1; per-atom percentiles use bin_volume/count proxy,,,
eps0000,F0_planar_100A_comm_eps0000_cpu_zhi200,0.0,initial,0,0.0,50.0,34.0,36.0,35.0,2.0,1380,23055.73536282037,16.707054610739398,-1772.8319377708176,-1303.6349319167093,-1086.145967843754,1.3610613189160607e-13,4.5084016031698834e-14,-2.1902043675618768e-13,1086.145967843754,607.858906774697,-1086.1459678437543,607.8589067746967,607.8589067746967,607.8589067746967,607.8589067746967,-1086.145967843754,1086.1459678437543,1772.8319377708176,1.0,1.0,1.0,-3.351399999999999,286.81307,4615.422,1903.7136,1944.8272,9997.7253,sigma_mpa = -sum(c_stress_atom_virial)/(Lx*Ly*bin_width)*0.1; per-atom percentiles use bin_volume/count proxy,,,
eps0000,F0_planar_100A_comm_eps0000_cpu_zhi200,0.0,initial,0,0.0,50.0,36.0,38.0,37.0,2.0,1380,23055.73536282037,16.707054610739398,-1772.8319377708176,-1303.6349319167093,-1086.145967843754,2.2983019540313575e-13,4.043911491122979e-14,-2.0311917982680746e-13,1086.145967843754,607.858906774697,-1086.145967843754,607.8589067746967,607.8589067746967,607.8589067746967,607.8589067746967,-1086.145967843754,1086.1459678437543,1772.8319377708176,1.0,1.0,1.0,-3.351399999999999,286.81307,4615.422,1903.7136,1944.8272,9997.7253,sigma_mpa = -sum(c_stress_atom_virial)/(Lx*Ly*bin_width)*0.1; per-atom percentiles use bin_volume/count proxy,,,
eps0000,F0_planar_100A_comm_eps0000_cpu_zhi200,0.0,initial,0,0.0,50.0,38.0,40.0,39.0,2.0,1380,23055.73536282037,16.707054610739398,-1772.8319377708176,-1303.6349319167093,-1086.145967843754,1.1020094158858296e-13,-2.0249751941674385e-14,-1.9187546906588191e-13,1086.145967843754,607.858906774697,-1086.1459678437539,607.8589067746967,607.8589067746967,607.8589067746967,607.8589067746967,-1086.145967843754,1086.1459678437543,1772.8319377708176,1.0,1.0,1.0,-3.351399999999999,286.81307,4615.422,1903.7136,1944.8272,9997.7253,sigma_mpa = -sum(c_stress_atom_virial)/(Lx*Ly*bin_width)*0.1; per-atom percentiles use bin_volume/count proxy,,,
eps0000,F0_planar_100A_comm_eps0000_cpu_zhi200,0.0,initial,0,0.0,50.0,40.0,42.0,41.0,2.0,1380,23055.73536282037,16.707054610739398,-1772.8319377708176,-1303.6349319167093,-1086.145967843754,1.2588749788828933e-13,2.358858822855049e-14,-2.507955913696199e-13,1086.145967843754,607.858906774697,-1086.1459678437539,607.8589067746967,607.8589067746967,607.8589067746967,607.8589067746967,-1086.145967843754,1086.1459678437543,1772.8319377708176,1.0,1.0,1.0,-3.351399999999999,286.81307,4615.422,1903.7136,1944.8272,9997.7253,sigma_mpa = -sum(c_stress_atom_virial)/(Lx*Ly*bin_width)*0.1; per-atom percentiles use bin_volume/count proxy,,,
eps0000,F0_planar_100A_comm_eps0000_cpu_zhi200,0.0,initial,0,0.0,50.0,42.0,44.0,43.0,2.0,1380,23055.73536282037,16.707054610739398,-1772.8319377708176,-1303.6349319167093,-1086.145967843754,8.934397240834829e-14,9.008338800805587e-14,-1.9179906238128546e-13,1086.145967843754,607.858906774697,-1086.1459678437543,607.8589067746967,607.8589067746967,607.8589067746967,607.8589067746967,-1086.145967843754,1086.1459678437543,1772.8319377708176,1.0,1.0,1.0,-3.351399999999999,286.81307,4615.422,1903.7136,1944.8272,9997.7253,sigma_mpa = -sum(c_stress_atom_virial)/(Lx*Ly*bin_width)*0.1; per-atom percentiles use bin_volume/count proxy,,,
eps0000,F0_planar_100A_comm_eps0000_cpu_zhi200,0.0,initial,0,0.0,50.0,44.0,46.0,45.0,2.0,1380,23055.73536282037,16.707054610739398,-1772.8319377708176,-1303.6349319167093,-1086.145967843754,8.270414715441742e-14,4.050668306186517e-14,-2.895627262345243e-13,1086.145967843754,607.858906774697,-1086.1459678437539,607.8589067746967,607.8589067746967,607.8589067746967,607.8589067746967,-1086.145967843754,1086.1459678437543,1772.8319377708176,1.0,1.0,1.0,-3.351399999999999,286.81307,4615.422,1903.7136,1944.8272,9997.7253,sigma_mpa = -sum(c_stress_atom_virial)/(Lx*Ly*bin_width)*0.1; per-atom percentiles use bin_volume/count proxy,,,
eps0000,F0_planar_100A_comm_eps0000_cpu_zhi200,0.0,initial,0,0.0,50.0,46.0,48.0,47.0,2.0,1380,23055.73536282037,16.707054610739398,-1772.8319377708176,-1303.6349319167093,-1086.145967843754,1.1781381655734454e-13,4.993380709324641e-14,-2.929438937736751e-13,1086.145967843754,607.858906774697,-1086.1459678437543,607.8589067746967,607.8589067746967,607.8589067746967,607.8589067746967,-1086.145967843754,1086.1459678437543,1772.8319377708176,1.0,1.0,1.0,-3.351399999999999,286.81307,4615.422,1903.7136,1944.8272,9997.7253,sigma_mpa = -sum(c_stress_atom_virial)/(Lx*Ly*bin_width)*0.1; per-atom percentiles use bin_volume/count proxy,,,
eps0000,F0_planar_100A_comm_eps0000_cpu_zhi200,0.0,initial,0,0.0,50.0,48.0,50.0,49.0,2.0,1380,23055.73536282037,16.707054610739398,-1772.8319377708176,-1303.6349319167093,-1086.145967843754,2.1640581363741213e-13,8.076289902263298e-15,-1.897045458395201e-13,1086.145967843754,607.858906774697,-1086.145967843754,607.8589067746967,607.8589067746967,607.8589067746967,607.8589067746967,-1086.145967843754,1086.1459678437543,1772.8319377708176,1.0,1.0,1.0,-3.351399999999999,286.81307,4615.422,1903.7136,1944.8272,9997.7253,sigma_mpa = -sum(c_stress_atom_virial)/(Lx*Ly*bin_width)*0.1; per-atom percentiles use bin_volume/count proxy,,,
eps0000,F0_planar_100A_comm_eps0000_cpu_zhi200,0.0,initial,0,0.0,50.0,50.0,55.0,52.5,5.0,4140,57639.33840705093,13.922545508949499,-2127.398325324981,-1564.3619183000512,-1303.375161412505,1.6090478980264443e-13,-6.613562238829705e-15,-2.6736820085212525e-13,1303.375161412505,729.4306881296365,-1303.375161412505,729.4306881296362,729.4306881296362,729.4306881296362,729.4306881296362,-1303.375161412505,1303.3751614125051,2127.398325324981,1.0,1.0,1.0,-3.351399999999998,286.81307,4615.422,1903.7136,1944.8272,9997.7253,sigma_mpa = -sum(c_stress_atom_virial)/(Lx*Ly*bin_width)*0.1; per-atom percentiles use bin_volume/count proxy,,,
eps0000,F0_planar_100A_comm_eps0000_cpu_zhi200,0.0,initial,0,0.0,50.0,55.0,60.0,57.5,5.0,2760,57639.33840705093,20.88381826342425,-1418.265550216654,-1042.9079455333674,-868.9167742750033,1.0737109755484209e-13,3.28952488923441e-14,-1.9631092366278472e-13,868.9167742750033,486.28712541975744,-868.9167742750033,486.28712541975744,486.28712541975744,486.28712541975744,486.28712541975744,-868.916774275003,868.9167742750033,1418.265550216654,1.0,1.0,1.0,-3.351399999999999,286.81307,4615.422,1903.7136,1944.8272,9997.7253,sigma_mpa = -sum(c_stress_atom_virial)/(Lx*Ly*bin_width)*0.1; per-atom percentiles use bin_volume/count proxy,,,
eps0000,F0_planar_100A_comm_eps0000_cpu_zhi200,0.0,initial,0,0.0,50.0,60.0,65.0,62.5,5.0,4140,57639.33840705093,13.922545508949499,-2127.398325324981,-1564.3619183000512,-1303.375161412505,1.9662486792429084e-13,6.227847098951742e-14,-3.0218797338449914e-13,1303.375161412505,729.4306881296365,-1303.3751614125051,729.4306881296362,729.4306881296362,729.4306881296362,729.4306881296362,-1303.375161412505,1303.3751614125051,2127.398325324981,1.0,1.0,1.0,-3.351399999999998,286.81307,4615.422,1903.7136,1944.8272,9997.7253,sigma_mpa = -sum(c_stress_atom_virial)/(Lx*Ly*bin_width)*0.1; per-atom percentiles use bin_volume/count proxy,,,
eps0000,F0_planar_100A_comm_eps0000_cpu_zhi200,0.0,initial,0,0.0,50.0,65.0,70.0,67.5,5.0,2760,57639.33840705093,20.88381826342425,-1418.265550216654,-1042.9079455333674,-868.9167742750033,1.1361864672615475e-13,4.287425971734784e-14,-2.340177412477028e-13,868.9167742750033,486.28712541975744,-868.9167742750034,486.28712541975744,486.28712541975744,486.28712541975744,486.28712541975744,-868.916774275003,868.9167742750033,1418.265550216654,1.0,1.0,1.0,-3.351399999999999,286.81307,4615.422,1903.7136,1944.8272,9997.7253,sigma_mpa = -sum(c_stress_atom_virial)/(Lx*Ly*bin_width)*0.1; per-atom percentiles use bin_volume/count proxy,,,
eps0000,F0_planar_100A_comm_eps0000_cpu_zhi200,0.0,initial,0,0.0,50.0,70.0,75.0,72.5,5.0,4140,57639.33840705093,13.922545508949499,-2127.398325324981,-1564.3619183000512,-1303.375161412505,1.8279907374701967e-13,3.9214213824555704e-15,-2.547881875100337e-13,1303.375161412505,729.4306881296365,-1303.3751614125051,729.4306881296362,729.4306881296362,729.4306881296362,729.4306881296362,-1303.375161412505,1303.3751614125051,2127.398325324981,1.0,1.0,1.0,-3.351399999999998,286.81307,4615.422,1903.7136,1944.8272,9997.7253,sigma_mpa = -sum(c_stress_atom_virial)/(Lx*Ly*bin_width)*0.1; per-atom percentiles use bin_volume/count proxy,,,
eps0000,F0_planar_100A_comm_eps0000_cpu_zhi200,0.0,initial,0,0.0,50.0,75.0,80.0,77.5,5.0,2760,57639.33840705093,20.88381826342425,-1418.265550216654,-1042.9079455333674,-868.9167742750033,1.2727279493205717e-13,3.079856826663103e-14,-1.5256127914237635e-13,868.9167742750033,486.28712541975744,-868.9167742750031,486.28712541975744,486.28712541975744,486.28712541975744,486.28712541975744,-868.916774275003,868.9167742750033,1418.265550216654,1.0,1.0,1.0,-3.351399999999999,286.81307,4615.422,1903.7136,1944.8272,9997.7253,sigma_mpa = -sum(c_stress_atom_virial)/(Lx*Ly*bin_width)*0.1; per-atom percentiles use bin_volume/count proxy,,,
eps0000,F0_planar_100A_comm_eps0000_cpu_zhi200,0.0,initial,0,0.0,50.0,80.0,85.0,82.5,5.0,2760,57639.33840705093,20.88381826342425,-1418.265550216654,-1042.9079455333674,-868.9167742750033,1.0887575484787871e-13,-5.9220074187431e-14,-1.287160871892038e-13,868.9167742750033,486.28712541975744,-868.9167742750033,486.28712541975744,486.28712541975744,486.28712541975744,486.28712541975744,-868.916774275003,868.9167742750033,1418.265550216654,1.0,1.0,1.0,-3.351399999999999,286.81307,4615.422,1903.7136,1944.8272,9997.7253,sigma_mpa = -sum(c_stress_atom_virial)/(Lx*Ly*bin_width)*0.1; per-atom percentiles use bin_volume/count proxy,,,
eps0000,F0_planar_100A_comm_eps0000_cpu_zhi200,0.0,initial,0,0.0,50.0,85.0,90.0,87.5,5.0,4140,57639.33840705093,13.922545508949499,-2127.398325324981,-1564.3619183000512,-1303.375161412505,1.9207506329263674e-13,-9.622670928768837e-14,-2.0837367457935188e-13,1303.375161412505,729.4306881296365,-1303.375161412505,729.4306881296362,729.4306881296362,729.4306881296362,729.4306881296362,-1303.375161412505,1303.3751614125051,2127.398325324981,1.0,1.0,1.0,-3.351399999999998,286.81307,4615.422,1903.7136,1944.8272,9997.7253,sigma_mpa = -sum(c_stress_atom_virial)/(Lx*Ly*bin_width)*0.1; per-atom percentiles use bin_volume/count proxy,,,
eps0000,F0_planar_100A_comm_eps0000_cpu_zhi200,0.0,initial,0,0.0,50.0,90.0,95.0,92.5,5.0,2760,57639.33840705093,20.88381826342425,-1418.265550216654,-1042.9079455333674,-868.9167742750033,1.0031400866656516e-13,-6.429837520787078e-14,-1.0374224619909102e-13,868.9167742750033,486.28712541975744,-868.9167742750033,486.28712541975744,486.28712541975744,486.28712541975744,486.28712541975744,-868.9167742750031,868.9167742750033,1418.265550216654,1.0,1.0,1.0,-3.351399999999999,286.81307,4615.422,1903.7136,1944.8272,9997.7253,sigma_mpa = -sum(c_stress_atom_virial)/(Lx*Ly*bin_width)*0.1; per-atom percentiles use bin_volume/count proxy,,,
eps0000,F0_planar_100A_comm_eps0000_cpu_zhi200,0.0,initial,0,0.0,50.0,95.0,100.0,97.5,5.0,4140,57639.33840705093,13.922545508949499,-2127.398325324981,-1564.3619183000512,-1303.375161412505,1.7177932836905783e-13,-7.884885569266078e-14,-1.710665046216741e-13,1303.375161412505,729.4306881296365,-1303.3751614125051,729.4306881296362,729.4306881296362,729.4306881296362,729.4306881296362,-1303.375161412505,1303.3751614125051,2127.398325324981,1.0,1.0,1.0,-3.351399999999998,286.81307,4615.422,1903.7136,1944.8272,9997.7253,sigma_mpa = -sum(c_stress_atom_virial)/(Lx*Ly*bin_width)*0.1; per-atom percentiles use bin_volume/count proxy,,,
eps0000,F0_planar_100A_comm_eps0000_cpu_zhi200,0.0,initial,0,0.0,50.0,100.0,110.0,105.0,10.0,6900,115278.67681410185,16.707054610739398,-1772.8331348699155,-1303.6349319167093,-1086.1351939518747,1.2884589520395166e-13,1.6286768717320403e-13,-2.490042780104025e-13,1086.1351939518747,607.8680579411813,-1086.135193951875,607.8589067746967,607.8989725786212,607.8989725786212,607.8989725786212,-1086.0980838798457,1086.1459678437543,1772.8379232663062,1.0,1.0,1.0,-3.3513999999999986,286.81307,4615.422,1903.7136,1944.8272,9997.7253,sigma_mpa = -sum(c_stress_atom_virial)/(Lx*Ly*bin_width)*0.1; per-atom percentiles use bin_volume/count proxy,,,
eps0000,F0_planar_100A_comm_eps0000_cpu_zhi200,0.0,initial,0,0.0,50.0,110.0,120.0,115.0,10.0,6900,115278.67681410185,16.707054610739398,-1681.4190564710652,-1207.0709331994872,124.92686763939592,5.1323641155084194e-14,1.5889988613019415e-13,-2.6203339209662705e-13,124.92686763939592,1622.0526935092714,124.92686763939582,606.7443242161717,6153.243690253629,6153.243690253629,6153.243690253629,1871.1736286481482,1871.1736286481475,4497.094296423974,1.0,1.0,1.0,-3.2377879999999992,286.81307,4615.422,1903.7136,1944.8272,9997.7253,sigma_mpa = -sum(c_stress_atom_virial)/(Lx*Ly*bin_width)*0.1; per-atom percentiles use bin_volume/count proxy,,,
eps0000,F0_planar_100A_comm_eps0000_cpu_zhi200,0.0,initial,0,0.0,50.0,120.0,121.06800000000001,120.534,1.068000000000012,0,12311.762683746218,,,,,,,,,,,,,,,,,,0.0,0.0,0.0,,286.81307,4615.422,1903.7136,1944.8272,9997.7253,sigma_mpa = -sum(c_stress_atom_virial)/(Lx*Ly*bin_width)*0.1; per-atom percentiles use bin_volume/count proxy,,,
eps0000,F0_planar_100A_comm_eps0000_cpu_zhi200,0.0,final,50000,50.0,50.0,0.0,2.0,1.0,2.0,1160,23055.73536282037,19.87563393346584,-877.7806770950174,-2807.9922624892747,383.10955217433116,12.500227311107729,121.7512086526923,3.807149436731841,383.10955217433116,2791.8324060977234,394.7659445716423,7789.68413975644,12275.376818520297,13897.614877865037,18464.575328250117,11501.363584450804,9130.994292183233,10763.837808452445,1.0,0.9732758620689655,1.0,-3.409583181034483,285.73488,1347.3971,275.75846,-1518.5297,5284.9626,sigma_mpa = -sum(c_stress_atom_virial)/(Lx*Ly*bin_width)*0.1; per-atom percentiles use bin_volume/count proxy,,,
eps0000,F0_planar_100A_comm_eps0000_cpu_zhi200,0.0,final,50000,50.0,50.0,2.0,4.0,3.0,2.0,1314,23055.73536282037,17.54622173730622,-1239.2220193103794,-929.9053697967728,-289.9032344671379,9.986302626082656,54.14309056969051,19.939915481566445,289.9032344671379,844.706600691921,-286.17393921360014,6246.334606729739,9525.48194097614,10856.458650387043,14809.836448282736,8212.677063708148,7495.499713215821,8179.84647343427,1.0,0.9665144596651446,1.0,-3.2655182648401824,285.73488,1347.3971,275.75846,-1518.5297,5284.9626,sigma_mpa = -sum(c_stress_atom_virial)/(Lx*Ly*bin_width)*0.1; per-atom percentiles use bin_volume/count proxy,,,
eps0000,F0_planar_100A_comm_eps0000_cpu_zhi200,0.0,final,50000,50.0,50.0,4.0,6.0,5.0,2.0,1376,23055.73536282037,16.755621629956664,-990.4232222461906,-565.3218298869991,-296.6162775284142,-20.905064931359416,115.04980658641284,60.34816932552593,296.6162775284142,647.3693813621622,-267.37467389977894,5118.154695578836,7542.324356451183,8363.936319288448,10341.903276635609,6652.1494925886145,5038.887954419532,5889.500979394892,1.0,0.9622093023255814,1.0,-3.300975465116279,285.73488,1347.3971,275.75846,-1518.5297,5284.9626,sigma_mpa = -sum(c_stress_atom_virial)/(Lx*Ly*bin_width)*0.1; per-atom percentiles use bin_volume/count proxy,,,
eps0000,F0_planar_100A_comm_eps0000_cpu_zhi200,0.0,final,50000,50.0,50.0,6.0,8.0,7.0,2.0,1379,23055.73536282037,16.719169951283806,-979.3164459464879,-517.7175425201808,-210.0962560149478,17.215201006776578,90.37095311910804,85.09735897489045,210.0962560149478,704.8521479931039,-177.61091401332777,4556.248162619731,6795.572877195295,7402.802738498206,8870.38102760214,5844.224317710395,4556.552162695747,5481.0280813589925,1.0,0.9615663524292966,1.0,-3.311282066715011,285.73488,1347.3971,275.75846,-1518.5297,5284.9626,sigma_mpa = -sum(c_stress_atom_virial)/(Lx*Ly*bin_width)*0.1; per-atom percentiles use bin_volume/count proxy,,,
eps0000,F0_planar_100A_comm_eps0000_cpu_zhi200,0.0,final,50000,50.0,50.0,8.0,10.0,9.0,2.0,1380,23055.73536282037,16.707054610739398,-919.7694526671523,-450.7113617576163,-81.28863731764903,4.636413663880794,37.536583224128975,72.64135064200896,81.28863731764903,741.5464459826213,-65.84984215986344,4475.229987471575,6642.542777169793,7287.747428660831,8348.564835146792,5800.370800890299,4438.741700905831,5328.051656859968,1.0,0.9652173913043478,1.0,-3.3132794130434786,285.73488,1347.3971,275.75846,-1518.5297,5284.9626,sigma_mpa = -sum(c_stress_atom_virial)/(Lx*Ly*bin_width)*0.1; per-atom percentiles use bin_volume/count proxy,,,
eps0000,F0_planar_100A_comm_eps0000_cpu_zhi200,0.0,final,50000,50.0,50.0,10.0,12.0,11.0,2.0,1380,23055.73536282037,16.707054610739398,-956.5788024122294,-484.40074525273405,-168.50069712652888,15.40353090505617,5.197704285470218,1.1860197850855223,168.50069712652888,687.534074545557,-168.46116518372926,4334.052912716234,6478.3967360288025,7255.440286932487,8558.418291927626,5626.0574250328455,4273.414833641958,5277.819583071177,1.0,0.9565217391304348,1.0,-3.313239253623188,285.73488,1347.3971,275.75846,-1518.5297,5284.9626,sigma_mpa = -sum(c_stress_atom_virial)/(Lx*Ly*bin_width)*0.1; per-atom percentiles use bin_volume/count proxy,,,
eps0000,F0_planar_100A_comm_eps0000_cpu_zhi200,0.0,final,50000,50.0,50.0,12.0,14.0,13.0,2.0,1380,23055.73536282037,16.707054610739398,-926.452875497746,-468.3944993797395,-135.011322506749,1.3199454548335643,-29.40071726764826,15.386924334327668,135.011322506749,690.6370108778385,-133.21971235239135,4422.030692401136,6462.434879252094,7104.823289305462,8586.758191438785,5616.377737267471,4308.179788538712,5262.392566998918,1.0,0.9572463768115942,1.0,-3.3134107028985507,285.73488,1347.3971,275.75846,-1518.5297,5284.9626,sigma_mpa = -sum(c_stress_atom_virial)/(Lx*Ly*bin_width)*0.1; per-atom percentiles use bin_volume/count proxy,,,
eps0000,F0_planar_100A_comm_eps0000_cpu_zhi200,0.0,final,50000,50.0,50.0,14.0,16.0,15.0,2.0,1380,23055.73536282037,16.707054610739398,-824.7521249252359,-337.0781844192416,106.96963457418472,16.016448284511707,-44.11533895423663,15.386172239470284,106.96963457418472,811.7100218623152,109.53222271682458,4437.476273593833,6655.981290281384,7287.240712581685,8695.035822348218,5908.688026425054,4309.306258789663,5225.487198915445,1.0,0.946376811594203,1.0,-3.3133725724637677,285.73488,1347.3971,275.75846,-1518.5297,5284.9626,sigma_mpa = -sum(c_stress_atom_virial)/(Lx*Ly*bin_width)*0.1; per-atom percentiles use bin_volume/count proxy,,,
eps0000,F0_planar_100A_comm_eps0000_cpu_zhi200,0.0,final,50000,50.0,50.0,16.0,18.0,17.0,2.0,1380,23055.73536282037,16.707054610739398,-849.2059737931049,-357.9674068371334,29.019135541385488,-4.977392101969457,-7.86520187911356,76.16949328070248,29.019135541385488,773.8487647947966,43.55553450404539,4436.419929056117,6495.362717144697,6982.43210261356,8466.564743434692,5931.6127128003545,4219.293983434239,5057.470449979006,1.0,0.9586956521739131,1.0,-3.3126393043478264,285.73488,1347.3971,275.75846,-1518.5297,5284.9626,sigma_mpa = -sum(c_stress_atom_virial)/(Lx*Ly*bin_width)*0.1; per-atom percentiles use bin_volume/count proxy,,,
eps0000,F0_planar_100A_comm_eps0000_cpu_zhi200,0.0,final,50000,50.0,50.0,18.0,20.0,19.0,2.0,1380,23055.73536282037,16.707054610739398,-853.0447897626326,-351.63304714511884,18.055533152991426,-13.679331956533161,-27.595907464569752,11.881075007554758,18.055533152991426,759.4201945137818,19.337443125945356,4580.933966906785,6449.684157735379,7166.927884540441,8648.92405434559,5887.234417280318,4152.331551930551,5149.787739647081,1.0,0.9565217391304348,1.0,-3.3130173115942023,285.73488,1347.3971,275.75846,-1518.5297,5284.9626,sigma_mpa = -sum(c_stress_atom_virial)/(Lx*Ly*bin_width)*0.1; per-atom percentiles use bin_volume/count proxy,,,
eps0000,F0_planar_100A_comm_eps0000_cpu_zhi200,0.0,final,50000,50.0,50.0,20.0,22.0,21.0,2.0,1380,23055.73536282037,16.707054610739398,-831.6507244709476,-350.2830849335389,118.753161077447,-0.8842927835161274,-23.012819914458575,-26.34930278474915,118.753161077447,825.3257828880934,120.7806821159986,4400.6983892825465,6627.72980522394,7210.62068698038,8485.880777181292,5964.710517199367,4308.960895699972,5260.761818753055,1.0,0.9543478260869566,1.0,-3.3140197318840583,285.73488,1347.3971,275.75846,-1518.5297,5284.9626,sigma_mpa = -sum(c_stress_atom_virial)/(Lx*Ly*bin_width)*0.1; per-atom percentiles use bin_volume/count proxy,,,
eps0000,F0_planar_100A_comm_eps0000_cpu_zhi200,0.0,final,50000,50.0,50.0,22.0,24.0,23.0,2.0,1380,23055.73536282037,16.707054610739398,-826.8889933020064,-337.6549222174835,130.11948314117953,7.404173104158888,12.066264307865865,16.491798310331024,130.11948314117953,829.7175634376943,130.85867391626445,4440.4983304891575,6478.454921412385,7135.531804736452,8208.465034287148,5998.556589299957,4505.788827170681,5364.035258638198,1.0,0.9507246376811594,1.0,-3.314066057971014,285.73488,1347.3971,275.75846,-1518.5297,5284.9626,sigma_mpa = -sum(c_stress_atom_virial)/(Lx*Ly*bin_width)*0.1; per-atom percentiles use bin_volume/count proxy,,,
eps0000,F0_planar_100A_comm_eps0000_cpu_zhi200,0.0,final,50000,50.0,50.0,24.0,26.0,25.0,2.0,1380,23055.73536282037,16.707054610739398,-729.957831587518,-211.10912042948587,296.0382757856682,-1.4702862071649407,23.746790988193645,-80.1722304152039,296.0382757856682,900.2867401623192,308.9507991232022,4505.218108649792,6558.67790560047,7204.801002673384,8656.11392556439,5843.160782591571,4349.184921757087,5067.462037598087,1.0,0.9550724637681159,1.0,-3.3134956521739127,285.73488,1347.3971,275.75846,-1518.5297,5284.9626,sigma_mpa = -sum(c_stress_atom_virial)/(Lx*Ly*bin_width)*0.1; per-atom percentiles use bin_volume/count proxy,,,
eps0000,F0_planar_100A_comm_eps0000_cpu_zhi200,0.0,final,50000,50.0,50.0,26.0,28.0,27.0,2.0,1380,23055.73536282037,16.707054610739398,-702.891236383344,-199.13799405348288,308.675234131826,-8.150699331544198,23.86657285997262,-16.84153158377074,308.675234131826,877.6179221229804,309.807866706861,4535.941110396033,6758.582052936773,7365.80033738709,8637.545880430145,6290.7865310401485,4453.967604329674,5310.548870952269,1.0,0.9586956521739131,1.0,-3.3122231159420292,285.73488,1347.3971,275.75846,-1518.5297,5284.9626,sigma_mpa = -sum(c_stress_atom_virial)/(Lx*Ly*bin_width)*0.1; per-atom percentiles use bin_volume/count proxy,,,
eps0000,F0_planar_100A_comm_eps0000_cpu_zhi200,0.0,final,50000,50.0,50.0,28.0,30.0,29.0,2.0,1380,23055.73536282037,16.707054610739398,-775.1882194363321,-309.4099734942199,202.63987379617825,5.033078166100399,-35.06374086916597,-35.23538344866836,202.63987379617825,851.5486423850967,206.32455888594768,4442.92853168299,6527.476483262988,7138.383746655903,8538.420133962461,6083.410247153764,4308.966581920687,5215.420194053207,1.0,0.9543478260869566,1.0,-3.3127780507246376,285.73488,1347.3971,275.75846,-1518.5297,5284.9626,sigma_mpa = -sum(c_stress_atom_virial)/(Lx*Ly*bin_width)*0.1; per-atom percentiles use bin_volume/count proxy,,,
eps0000,F0_planar_100A_comm_eps0000_cpu_zhi200,0.0,final,50000,50.0,50.0,30.0,32.0,31.0,2.0,1380,23055.73536282037,16.707054610739398,-757.6916461433148,-271.86019635737415,210.05097602783985,-16.162147863082392,43.7632039204917,-61.463653743406375,210.05097602783985,848.6818134825462,219.87884149749888,4468.224961710843,6477.306637984285,7144.328287727882,8181.736882879496,5754.963386421783,4092.1369201757984,5115.066478867392,1.0,0.9449275362318841,1.0,-3.3133581449275367,285.73488,1347.3971,275.75846,-1518.5297,5284.9626,sigma_mpa = -sum(c_stress_atom_virial)/(Lx*Ly*bin_width)*0.1; per-atom percentiles use bin_volume/count proxy,,,
eps0000,F0_planar_100A_comm_eps0000_cpu_zhi200,0.0,final,50000,50.0,50.0,32.0,34.0,33.0,2.0,1380,23055.73536282037,16.707054610739398,-780.8401730543518,-286.58679124393444,189.0336460622375,-9.924695657679914,103.28999331941884,-44.8395290200597,189.0336460622375,862.5032941448776,204.1552823721122,4522.158979005109,6691.537192690479,7301.553628005712,8811.535979997996,6042.769528507133,4233.615179214983,5174.937594590987,1.0,0.9543478260869566,1.0,-3.314196717391304,285.73488,1347.3971,275.75846,-1518.5297,5284.9626,sigma_mpa = -sum(c_stress_atom_virial)/(Lx*Ly*bin_width)*0.1; per-atom percentiles use bin_volume/count proxy,,,
eps0000,F0_planar_100A_comm_eps0000_cpu_zhi200,0.0,final,50000,50.0,50.0,34.0,36.0,35.0,2.0,1380,23055.73536282037,16.707054610739398,-774.5270574365035,-325.77729188687164,196.33436818934172,1.5221156622309115,33.75211114865987,11.320036181577398,196.33436818934172,843.850352790717,197.75311105320628,4394.362728944035,6535.043733336114,7078.9299852545255,8608.04432004113,6021.727856773848,4136.160239494287,5133.156142607745,1.0,0.9434782608695652,1.0,-3.313544695652174,285.73488,1347.3971,275.75846,-1518.5297,5284.9626,sigma_mpa = -sum(c_stress_atom_virial)/(Lx*Ly*bin_width)*0.1; per-atom percentiles use bin_volume/count proxy,,,
eps0000,F0_planar_100A_comm_eps0000_cpu_zhi200,0.0,final,50000,50.0,50.0,36.0,38.0,37.0,2.0,1380,23055.73536282037,16.707054610739398,-739.3352426653983,-254.57991208275172,279.5142486807094,5.184592533221085,6.5257955481492615,-24.535494877869734,279.5142486807094,883.8346361744321,280.6776898785771,4378.060905845457,6636.902348622259,7217.418446068982,8578.224961181382,5999.564336486843,4232.049074320397,5131.363785983692,1.0,0.9565217391304348,1.0,-3.314561855072464,285.73488,1347.3971,275.75846,-1518.5297,5284.9626,sigma_mpa = -sum(c_stress_atom_virial)/(Lx*Ly*bin_width)*0.1; per-atom percentiles use bin_volume/count proxy,,,
eps0000,F0_planar_100A_comm_eps0000_cpu_zhi200,0.0,final,50000,50.0,50.0,38.0,40.0,39.0,2.0,1380,23055.73536282037,16.707054610739398,-706.0993448620388,-231.69321840908452,322.7862902738322,-10.428967009560031,-33.34026983756843,-83.9448015707639,322.7862902738322,905.7363712728968,336.1659073546344,4385.720776008395,6449.866849788998,7032.533527244598,8346.77372069318,5908.70108183858,4251.477394126771,5057.801447879524,1.0,0.9492753623188406,1.0,-3.3142021594202897,285.73488,1347.3971,275.75846,-1518.5297,5284.9626,sigma_mpa = -sum(c_stress_atom_virial)/(Lx*Ly*bin_width)*0.1; per-atom percentiles use bin_volume/count proxy,,,
eps0000,F0_planar_100A_comm_eps0000_cpu_zhi200,0.0,final,50000,50.0,50.0,40.0,42.0,41.0,2.0,1380,23055.73536282037,16.707054610739398,-736.9235501114629,-220.50454086570917,270.5615593749128,-5.735546522764374,-90.6018961368087,40.042288180005635,270.5615593749128,889.3623174145101,281.8921678625267,4509.222006882475,6665.885949729333,7299.401557341931,8552.293870097737,6121.068585039424,4251.5662787347765,5137.664417809742,1.0,0.9485507246376812,1.0,-3.3138149202898552,285.73488,1347.3971,275.75846,-1518.5297,5284.9626,sigma_mpa = -sum(c_stress_atom_virial)/(Lx*Ly*bin_width)*0.1; per-atom percentiles use bin_volume/count proxy,,,
eps0000,F0_planar_100A_comm_eps0000_cpu_zhi200,0.0,final,50000,50.0,50.0,42.0,44.0,43.0,2.0,1380,23055.73536282037,16.707054610739398,-757.4717090682138,-276.8249282645849,249.7490047828002,6.025301657652603,-53.96028033468079,163.93482857610488,249.7490047828002,922.423673286107,299.003981582364,4472.120608583857,6427.08094716669,6939.838489934216,8283.831502110517,5786.868578166653,4052.7996452753173,5148.1276624733255,1.0,0.9528985507246377,1.0,-3.3138371376811597,285.73488,1347.3971,275.75846,-1518.5297,5284.9626,sigma_mpa = -sum(c_stress_atom_virial)/(Lx*Ly*bin_width)*0.1; per-atom percentiles use bin_volume/count proxy,,,
eps0000,F0_planar_100A_comm_eps0000_cpu_zhi200,0.0,final,50000,50.0,50.0,44.0,46.0,45.0,2.0,1380,23055.73536282037,16.707054610739398,-696.0651313633417,-220.5925046633538,346.10548985429784,-11.001713888034985,-14.573288980486371,112.10951952320673,346.10548985429784,924.8654541142507,367.73011078673886,4360.619864407559,6637.84616771125,7226.877202098987,8404.316501125279,6248.414909005319,4493.546992522667,5295.400778969776,1.0,0.9594202898550724,1.0,-3.314038282608696,285.73488,1347.3971,275.75846,-1518.5297,5284.9626,sigma_mpa = -sum(c_stress_atom_virial)/(Lx*Ly*bin_width)*0.1; per-atom percentiles use bin_volume/count proxy,,,
eps0000,F0_planar_100A_comm_eps0000_cpu_zhi200,0.0,final,50000,50.0,50.0,46.0,48.0,47.0,2.0,1380,23055.73536282037,16.707054610739398,-565.2164422833606,-95.9922953647775,506.088189202422,0.2868388496801019,-61.07295279597412,1.352940472690442,506.088189202422,936.150824685061,509.5615359171149,4563.1158027537795,6635.521216395004,7321.72627672924,8736.55733933622,6023.146505825872,4437.946228555398,5228.403332317481,1.0,0.9608695652173913,1.0,-3.3132020797101447,285.73488,1347.3971,275.75846,-1518.5297,5284.9626,sigma_mpa = -sum(c_stress_atom_virial)/(Lx*Ly*bin_width)*0.1; per-atom percentiles use bin_volume/count proxy,,,
eps0000,F0_planar_100A_comm_eps0000_cpu_zhi200,0.0,final,50000,50.0,50.0,48.0,50.0,49.0,2.0,1380,23055.73536282037,16.707054610739398,-568.0622595981191,-71.02892606673613,582.8496314444227,0.3267369824233921,-48.34203489979933,-40.595930182705935,582.8496314444227,1005.7604126762899,587.3769443140162,4439.764691346851,6730.170737122706,7299.975805370296,8686.698328692895,6227.21010472758,4525.646307003587,5235.723294025235,1.0,0.9528985507246377,1.0,-3.3141447681159426,285.73488,1347.3971,275.75846,-1518.5297,5284.9626,sigma_mpa = -sum(c_stress_atom_virial)/(Lx*Ly*bin_width)*0.1; per-atom percentiles use bin_volume/count proxy,,,
eps0000,F0_planar_100A_comm_eps0000_cpu_zhi200,0.0,final,50000,50.0,50.0,50.0,55.0,52.5,5.0,4075,57639.33840705093,14.144622921975687,-722.7488029634274,-133.7753375471908,609.2612041848855,3.0900819444210077,-58.02259997350848,24.22642541867173,609.2612041848855,1161.2541166499423,612.5601515097375,5306.213699161536,7751.124358413785,8652.614612074518,9970.029761257665,7427.234063772155,5173.078872701374,6132.825914024681,1.0,0.96,1.0,-3.313868510429448,285.73488,1347.3971,275.75846,-1518.5297,5284.9626,sigma_mpa = -sum(c_stress_atom_virial)/(Lx*Ly*bin_width)*0.1; per-atom percentiles use bin_volume/count proxy,,,
eps0000,F0_planar_100A_comm_eps0000_cpu_zhi200,0.0,final,50000,50.0,50.0,55.0,60.0,57.5,5.0,2825,57639.33840705093,20.403305630814486,-514.5439504505479,-120.95478744594948,393.33252368206684,1.6520076553889043,-47.87067745320388,-20.390039401393167,393.33252368206684,793.6951768408602,396.6575183772073,3665.2797524333578,5402.7649942269345,5975.59322941776,6871.919158159163,5089.689181841406,3557.851914464616,4326.692036935191,1.0,0.944070796460177,1.0,-3.3140744920353984,285.73488,1347.3971,275.75846,-1518.5297,5284.9626,sigma_mpa = -sum(c_stress_atom_virial)/(Lx*Ly*bin_width)*0.1; per-atom percentiles use bin_volume/count proxy,,,
eps0000,F0_planar_100A_comm_eps0000_cpu_zhi200,0.0,final,50000,50.0,50.0,60.0,65.0,62.5,5.0,4056,57639.33840705093,14.210882250259104,-689.6071569787073,-95.756710427905,666.6311317572246,1.2719257322536084,-67.72954442208588,5.2481841266761435,666.6311317572246,1183.4218573969235,670.0401189070765,5280.368394854988,7704.467963196159,8490.56569572386,10183.93490120353,7168.713626445642,5120.816830262117,6070.010185217547,1.0,0.9632642998027613,1.0,-3.314190253944773,285.73488,1347.3971,275.75846,-1518.5297,5284.9626,sigma_mpa = -sum(c_stress_atom_virial)/(Lx*Ly*bin_width)*0.1; per-atom percentiles use bin_volume/count proxy,,,
eps0000,F0_planar_100A_comm_eps0000_cpu_zhi200,0.0,final,50000,50.0,50.0,65.0,70.0,67.5,5.0,2844,57639.33840705093,20.2669966269518,-477.25850903560814,-55.77095879030357,466.92694393257926,11.26965350925225,-17.871554179809788,24.248269658643895,466.92694393257926,821.1447128375675,468.36716469887,3703.188391712634,5444.90330519387,5974.882411401488,7149.787743350678,5154.719358420734,3518.1184618731504,4357.955281965422,1.0,0.9462025316455697,1.0,-3.313201009142053,285.73488,1347.3971,275.75846,-1518.5297,5284.9626,sigma_mpa = -sum(c_stress_atom_virial)/(Lx*Ly*bin_width)*0.1; per-atom percentiles use bin_volume/count proxy,,,
eps0000,F0_planar_100A_comm_eps0000_cpu_zhi200,0.0,final,50000,50.0,50.0,70.0,75.0,72.5,5.0,4011,57639.33840705093,14.37031623212439,-701.5397689006518,-136.1543954418459,610.4455449439339,-2.270307008312104,18.760372680955744,-41.782863730777805,610.4455449439339,1142.5837029996073,613.0471247248568,5198.761849035902,7694.190075756778,8390.984499862047,9820.58466851937,7037.171436928003,4941.484853427082,5983.111200280771,1.0,0.9621042134131139,1.0,-3.3146122213911737,285.73488,1347.3971,275.75846,-1518.5297,5284.9626,sigma_mpa = -sum(c_stress_atom_virial)/(Lx*Ly*bin_width)*0.1; per-atom percentiles use bin_volume/count proxy,,,
eps0000,F0_planar_100A_comm_eps0000_cpu_zhi200,0.0,final,50000,50.0,50.0,75.0,80.0,77.5,5.0,2889,57639.33840705093,19.951311321236044,-464.25539309844993,-61.7088821072397,500.0672677916107,0.11371470927914747,-73.77080100350082,50.746779323757636,500.0672677916107,853.1291250898844,510.15403532176697,3721.92488889794,5475.074059887696,6135.789599034119,7067.520355035199,5137.761111419777,3675.3975124406534,4284.0001152718605,1.0,0.9404638283142956,1.0,-3.314244738663898,285.73488,1347.3971,275.75846,-1518.5297,5284.9626,sigma_mpa = -sum(c_stress_atom_virial)/(Lx*Ly*bin_width)*0.1; per-atom percentiles use bin_volume/count proxy,,,
eps0000,F0_planar_100A_comm_eps0000_cpu_zhi200,0.0,final,50000,50.0,50.0,80.0,85.0,82.5,5.0,3930,57639.33840705093,14.666498322404816,-663.0901729493936,-132.6807472197577,628.4810444983982,-2.1446150085386626,-46.192984692105725,-31.65222122512804,628.4810444983982,1128.6494512723411,631.4341812428509,5052.9247339795675,7444.422321817231,8135.572735797312,9721.730725098649,6820.490041598918,4927.64451413716,5868.5228135550815,1.0,0.962086513994911,1.0,-3.3146490432569973,285.73488,1347.3971,275.75846,-1518.5297,5284.9626,sigma_mpa = -sum(c_stress_atom_virial)/(Lx*Ly*bin_width)*0.1; per-atom percentiles use bin_volume/count proxy,,,
eps0000,F0_planar_100A_comm_eps0000_cpu_zhi200,0.0,final,50000,50.0,50.0,85.0,90.0,87.5,5.0,2970,57639.33840705093,19.407184648838697,-502.99744861494486,-68.64544940744814,480.2985501844946,-5.392622015105857,-29.172436890502315,17.57294030592293,480.2985501844946,855.5716548666387,481.7341374973158,3831.882692920426,5648.085557570281,6178.524206684328,7287.874617967158,5240.252970250333,3695.05578977892,4409.489658002544,1.0,0.9474747474747475,1.0,-3.3143582727272722,285.73488,1347.3971,275.75846,-1518.5297,5284.9626,sigma_mpa = -sum(c_stress_atom_virial)/(Lx*Ly*bin_width)*0.1; per-atom percentiles use bin_volume/count proxy,,,
eps0000,F0_planar_100A_comm_eps0000_cpu_zhi200,0.0,final,50000,50.0,50.0,90.0,95.0,92.5,5.0,3758,57639.33840705093,15.33776966659152,-642.4112229861298,-125.4296973682059,627.6611141788263,16.80352912832045,-27.349284085938866,43.5739833213069,627.6611141788263,1110.1967423885842,630.7189270973613,4927.670010124488,7220.583293901319,7947.847400895915,9369.002694711808,6699.535452572252,4719.130393362143,5652.383096405306,1.0,0.9630122405534859,1.0,-3.3143734672698244,285.73488,1347.3971,275.75846,-1518.5297,5284.9626,sigma_mpa = -sum(c_stress_atom_virial)/(Lx*Ly*bin_width)*0.1; per-atom percentiles use bin_volume/count proxy,,,
eps0000,F0_planar_100A_comm_eps0000_cpu_zhi200,0.0,final,50000,50.0,50.0,95.0,100.0,97.5,5.0,3142,57639.33840705093,18.344792618412136,-593.6077606039019,-156.36935282358246,359.4746101916635,-8.729092593895064,-24.285305944486108,3.6176602066010584,359.4746101916635,827.5605079343267,360.12155259109204,3995.137778628328,5961.39458092709,6531.977480334639,8073.154770046382,5517.304248976704,3885.1562120394847,4703.751729163396,1.0,0.9528962444302992,1.0,-3.3144788828771485,285.73488,1347.3971,275.75846,-1518.5297,5284.9626,sigma_mpa = -sum(c_stress_atom_virial)/(Lx*Ly*bin_width)*0.1; per-atom percentiles use bin_volume/count proxy,,,
eps0000,F0_planar_100A_comm_eps0000_cpu_zhi200,0.0,final,50000,50.0,50.0,100.0,110.0,105.0,10.0,6900,115278.67681410185,16.707054610739398,-791.8078466684574,-296.24011553559455,164.43771073438538,2.521540423904634,-2.271390414701304,9.35290401666117,164.43771073438538,828.4959163973298,164.63267153243075,4354.314769321081,6452.854510144415,7140.571052611858,8347.725316414479,5784.439468157411,4135.640399211103,5160.254874882733,1.0,0.9555072463768116,1.0,-3.3146376594202898,285.73488,1347.3971,275.75846,-1518.5297,5284.9626,sigma_mpa = -sum(c_stress_atom_virial)/(Lx*Ly*bin_width)*0.1; per-atom percentiles use bin_volume/count proxy,,,
eps0000,F0_planar_100A_comm_eps0000_cpu_zhi200,0.0,final,50000,50.0,50.0,110.0,120.0,115.0,10.0,6900,115278.67681410185,16.707054610739398,-1496.690218325129,-1038.2113855215264,18.907634080055306,-8.63453400766515,20.753097544552503,43.225621266156345,18.907634080055306,1348.8851906967434,20.94597694336954,4839.873902359985,7317.174700566803,8164.413972835346,9611.01509105669,5958.951720918503,4336.05244538037,7296.8397386835795,1.0,0.9557971014492753,1.0,-3.2007469492753624,285.73488,1347.3971,275.75846,-1518.5297,5284.9626,sigma_mpa = -sum(c_stress_atom_virial)/(Lx*Ly*bin_width)*0.1; per-atom percentiles use bin_volume/count proxy,,,
eps0000,F0_planar_100A_comm_eps0000_cpu_zhi200,0.0,final,50000,50.0,50.0,120.0,121.06800000000001,120.534,1.068000000000012,0,12311.762683746218,,,,,,,,,,,,,,,,,,0.0,0.0,0.0,,285.73488,1347.3971,275.75846,-1518.5297,5284.9626,sigma_mpa = -sum(c_stress_atom_virial)/(Lx*Ly*bin_width)*0.1; per-atom percentiles use bin_volume/count proxy,,,
eps0000,F0_planar_100A_comm_eps0000_cpu_zhi200,0.0,last20_mean,,44.5,50.0,0.0,2.0,1.0,2.0,1159.8,23055.735362820375,19.91579660423671,-871.1707458123765,-2476.885493463665,102.9791918873569,3.107458172534989,115.28903283759072,-9.640196988954823,362.1013914001978,2281.9211577273536,125.45990158087753,7346.143548118712,11748.461916317223,13382.249281081255,17607.850243023982,11178.707623283815,9327.466510428105,10771.00012782337,1.0,0.9790104439493297,1.0,-3.389207382204904,287.147939,-1059.883233,-1790.619077,-3327.40533,1938.3747049999997,sigma_mpa = -sum(c_stress_atom_virial)/(Lx*Ly*bin_width)*0.1; per-atom percentiles use bin_volume/count proxy,40000,49000,10
eps0000,F0_planar_100A_comm_eps0000_cpu_zhi200,0.0,last20_mean,,44.5,50.0,2.0,4.0,3.0,2.0,1304.8,23055.735362820375,17.684530753058052,-1260.0726531654695,-835.5219000792916,-251.2782968346537,-5.388962861811807,-5.7756069757694535,-25.102613003769385,506.8473921202443,907.9827171225979,-234.41873573319535,6115.818633231882,9474.690144154136,10744.69563847418,13942.16856106832,8442.221060130978,7667.18208888982,8075.253231793895,1.0,0.969837489356534,1.0,-3.270057782894458,287.147939,-1059.883233,-1790.619077,-3327.40533,1938.3747049999997,sigma_mpa = -sum(c_stress_atom_virial)/(Lx*Ly*bin_width)*0.1; per-atom percentiles use bin_volume/count proxy,40000,49000,10
eps0000,F0_planar_100A_comm_eps0000_cpu_zhi200,0.0,last20_mean,,44.5,50.0,4.0,6.0,5.0,2.0,1351.1,23055.735362820375,17.074647615874117,-968.4072242447673,-510.2503953899437,-279.6286134962535,-2.087027093249649,-12.73692367571817,2.4948578349731685,451.0865424311397,634.2812085239436,-255.0137832180933,4969.08694712318,7445.402106486887,8250.061133681162,9880.163151739252,6296.7256525004395,5026.155601736764,5802.625800942332,1.0,0.963961958609224,1.0,-3.301450863493796,287.147939,-1059.883233,-1790.619077,-3327.40533,1938.3747049999997,sigma_mpa = -sum(c_stress_atom_virial)/(Lx*Ly*bin_width)*0.1; per-atom percentiles use bin_volume/count proxy,40000,49000,10
eps0000,F0_planar_100A_comm_eps0000_cpu_zhi200,0.0,last20_mean,,44.5,50.0,6.0,8.0,7.0,2.0,1355.9,23055.735362820375,17.015069869161874,-1001.4229512612094,-516.8274983756778,-217.1115465956521,-1.7318551519892047,-41.022012587340114,16.702127684375615,381.1597601034829,706.829392251699,-202.53479160465275,4511.742747322425,6660.416566348904,7369.948227173879,8864.886372062427,5702.391769620437,4495.506080848812,5379.269881063921,1.0,0.9587269449217481,1.0,-3.310962981319487,287.147939,-1059.883233,-1790.619077,-3327.40533,1938.3747049999997,sigma_mpa = -sum(c_stress_atom_virial)/(Lx*Ly*bin_width)*0.1; per-atom percentiles use bin_volume/count proxy,40000,49000,10
eps0000,F0_planar_100A_comm_eps0000_cpu_zhi200,0.0,last20_mean,,44.5,50.0,8.0,10.0,9.0,2.0,1365.6,23055.735362820375,16.889911476310836,-1006.3298679169857,-534.6366998428335,-256.2139344128203,0.7811411284691573,-14.316960532618651,25.030582989932633,416.1573638679761,681.6456248793894,-233.80724100524003,4428.61266471873,6518.555581222501,7195.71805278793,8437.64923721839,5558.606740702685,4339.882077470198,5239.071934299989,1.0,0.9565687925819905,1.0,-3.312556142678614,287.147939,-1059.883233,-1790.619077,-3327.40533,1938.3747049999997,sigma_mpa = -sum(c_stress_atom_virial)/(Lx*Ly*bin_width)*0.1; per-atom percentiles use bin_volume/count proxy,40000,49000,10
eps0000,F0_planar_100A_comm_eps0000_cpu_zhi200,0.0,last20_mean,,44.5,50.0,10.0,12.0,11.0,2.0,1362.4,23055.735362820375,16.93319084367148,-1032.648261385819,-556.160315314203,-308.86948468373095,0.46462052475994114,-2.683399233869971,-18.16196883086,455.50578220880925,662.1140237395846,-286.1649204231308,4384.830163964131,6464.035653062705,7093.182268283619,8346.801847122013,5414.107720539109,4284.025685438707,5198.549527909665,1.0,0.9531334640381562,1.0,-3.3132552561515722,287.147939,-1059.883233,-1790.619077,-3327.40533,1938.3747049999997,sigma_mpa = -sum(c_stress_atom_virial)/(Lx*Ly*bin_width)*0.1; per-atom percentiles use bin_volume/count proxy,40000,49000,10
eps0000,F0_planar_100A_comm_eps0000_cpu_zhi200,0.0,last20_mean,,44.5,50.0,12.0,14.0,13.0,2.0,1362.8,23055.735362820375,16.928917942438936,-1000.1383609357684,-519.4081589065427,-235.3609783096154,5.361537487337749,-27.62264001828363,-17.096333136709895,394.41853907142485,698.0054136522887,-211.12550040343731,4327.543882612734,6488.2277000395,7137.577162555202,8421.765421682107,5555.056560530808,4198.2107731461865,5155.44025681685,1.0,0.9535862606023281,1.0,-3.3133276193960106,287.147939,-1059.883233,-1790.619077,-3327.40533,1938.3747049999997,sigma_mpa = -sum(c_stress_atom_virial)/(Lx*Ly*bin_width)*0.1; per-atom percentiles use bin_volume/count proxy,40000,49000,10
eps0000,F0_planar_100A_comm_eps0000_cpu_zhi200,0.0,last20_mean,,44.5,50.0,14.0,16.0,15.0,2.0,1373.2,23055.735362820375,16.791226099099948,-991.2476838116916,-510.2979497103653,-203.2294186871174,6.2836269439327115,-47.369098495438365,-0.553464084454139,368.8552059607651,715.6170705719883,-182.56855984797662,4409.707571663014,6489.499510908206,7165.556155251843,8373.863236794281,5628.63265779188,4291.252605351602,5245.645746916021,1.0,0.9557932244970969,1.0,-3.3133823589711517,287.147939,-1059.883233,-1790.619077,-3327.40533,1938.3747049999997,sigma_mpa = -sum(c_stress_atom_virial)/(Lx*Ly*bin_width)*0.1; per-atom percentiles use bin_volume/count proxy,40000,49000,10
eps0000,F0_planar_100A_comm_eps0000_cpu_zhi200,0.0,last20_mean,,44.5,50.0,16.0,18.0,17.0,2.0,1376.0,23055.735362820375,16.75620950486503,-1020.4153013056641,-544.2783614854927,-287.08910854066556,-4.045049306837276,-37.11487460121607,24.420099625164436,435.69278135801704,675.4888372518174,-266.6268777550009,4390.293443330184,6444.154577958872,7129.174210453942,8570.334897397363,5491.75502545142,4198.069753874894,5200.561355564263,1.0,0.9559475419160235,1.0,-3.3131495675819322,287.147939,-1059.883233,-1790.619077,-3327.40533,1938.3747049999997,sigma_mpa = -sum(c_stress_atom_virial)/(Lx*Ly*bin_width)*0.1; per-atom percentiles use bin_volume/count proxy,40000,49000,10
eps0000,F0_planar_100A_comm_eps0000_cpu_zhi200,0.0,last20_mean,,44.5,50.0,18.0,20.0,19.0,2.0,1374.7,23055.735362820375,16.77248966842126,-1037.967474148695,-553.6394603089133,-313.45292873928736,0.9761874849671603,-24.525077225141708,17.50054201856704,471.75140606330626,674.55244216031,-282.6999594740084,4384.0507841221515,6455.914627316882,7121.135386054576,8451.879999758117,5460.111597292396,4270.8216002421495,5258.38086056039,1.0,0.9570202690034874,1.0,-3.313157070448318,287.147939,-1059.883233,-1790.619077,-3327.40533,1938.3747049999997,sigma_mpa = -sum(c_stress_atom_virial)/(Lx*Ly*bin_width)*0.1; per-atom percentiles use bin_volume/count proxy,40000,49000,10
eps0000,F0_planar_100A_comm_eps0000_cpu_zhi200,0.0,last20_mean,,44.5,50.0,20.0,22.0,21.0,2.0,1377.8,23055.735362820375,16.734018080280002,-1040.2273081047879,-552.9539063348471,-295.02259683075795,2.6548681136107724,-16.33171803703156,-11.749988619871164,460.03111055680273,685.9625864726393,-270.7302180476883,4374.731254730048,6489.423581204757,7212.167070736951,8432.552437332914,5615.561681701242,4286.795100336788,5219.896572636492,1.0,0.9589967482542491,1.0,-3.313404154774344,287.147939,-1059.883233,-1790.619077,-3327.40533,1938.3747049999997,sigma_mpa = -sum(c_stress_atom_virial)/(Lx*Ly*bin_width)*0.1; per-atom percentiles use bin_volume/count proxy,40000,49000,10
eps0000,F0_planar_100A_comm_eps0000_cpu_zhi200,0.0,last20_mean,,44.5,50.0,22.0,24.0,23.0,2.0,1378.5,23055.735362820375,16.725330248085005,-1034.4039523277909,-552.517399511377,-266.6550301975678,6.516264943874757,-8.213870970794932,-12.164500105959398,446.7762160139543,709.4382445754517,-241.81383190121477,4365.404164271336,6457.858309771875,7200.059934845182,8507.982308819297,5558.944250956777,4354.038851646498,5265.161071928191,1.0,0.954659150946173,1.0,-3.3135786928361,287.147939,-1059.883233,-1790.619077,-3327.40533,1938.3747049999997,sigma_mpa = -sum(c_stress_atom_virial)/(Lx*Ly*bin_width)*0.1; per-atom percentiles use bin_volume/count proxy,40000,49000,10
eps0000,F0_planar_100A_comm_eps0000_cpu_zhi200,0.0,last20_mean,,44.5,50.0,24.0,26.0,25.0,2.0,1377.5,23055.735362820375,16.73772795333997,-1006.7002076541327,-536.5769214977951,-261.65313905875945,-1.7026946257895368,-12.959273739705628,-12.074835031704861,466.6472765075093,694.4734840060847,-235.94774957924847,4387.512288380431,6462.455314380997,7134.075009434944,8478.4842982732,5562.530787056121,4276.6536039012835,5295.3510098784,1.0,0.9541340502518135,1.0,-3.3130449621223357,287.147939,-1059.883233,-1790.619077,-3327.40533,1938.3747049999997,sigma_mpa = -sum(c_stress_atom_virial)/(Lx*Ly*bin_width)*0.1; per-atom percentiles use bin_volume/count proxy,40000,49000,10
eps0000,F0_planar_100A_comm_eps0000_cpu_zhi200,0.0,last20_mean,,44.5,50.0,26.0,28.0,27.0,2.0,1379.3,23055.735362820375,16.715554729828856,-1018.4626448233379,-536.2713898563119,-272.1066674405374,-1.5839556422429653,-8.729257208193427,-1.1898704293006293,454.55526199230223,690.8545878633989,-241.66690482735288,4398.125097563048,6503.5514394983675,7148.433804991575,8441.643584087471,5527.090875215907,4219.831264366945,5195.738962296367,1.0,0.9541766161648031,1.0,-3.3130493157799563,287.147939,-1059.883233,-1790.619077,-3327.40533,1938.3747049999997,sigma_mpa = -sum(c_stress_atom_virial)/(Lx*Ly*bin_width)*0.1; per-atom percentiles use bin_volume/count proxy,40000,49000,10
eps0000,F0_planar_100A_comm_eps0000_cpu_zhi200,0.0,last20_mean,,44.5,50.0,28.0,30.0,29.0,2.0,1376.9,23055.735362820375,16.745294900875358,-1010.9969873339757,-523.6784321978109,-246.86673862978643,-0.2435566029724341,-16.627550648729546,4.407720165537524,467.7068102879195,702.0450381884959,-230.26940761802348,4402.437691486184,6505.234686971116,7145.453178415017,8579.126808520992,5566.4798164024905,4231.838990108214,5213.149748579392,1.0,0.9534499436607771,1.0,-3.3134687711355135,287.147939,-1059.883233,-1790.619077,-3327.40533,1938.3747049999997,sigma_mpa = -sum(c_stress_atom_virial)/(Lx*Ly*bin_width)*0.1; per-atom percentiles use bin_volume/count proxy,40000,49000,10
eps0000,F0_planar_100A_comm_eps0000_cpu_zhi200,0.0,last20_mean,,44.5,50.0,30.0,32.0,31.0,2.0,1378.7,23055.735362820375,16.72292145585589,-991.9746331003716,-516.8692842762678,-205.74675837760478,4.258765319987985,-25.991715687818033,-2.267675922638826,408.5557114141651,712.7078535783177,-191.42229431020638,4384.258032883086,6451.187715118547,7136.290114806597,8494.59063101898,5556.74769406588,4239.337853158091,5168.039931623513,1.0,0.9582264648784472,1.0,-3.3133987366240314,287.147939,-1059.883233,-1790.619077,-3327.40533,1938.3747049999997,sigma_mpa = -sum(c_stress_atom_virial)/(Lx*Ly*bin_width)*0.1; per-atom percentiles use bin_volume/count proxy,40000,49000,10
eps0000,F0_planar_100A_comm_eps0000_cpu_zhi200,0.0,last20_mean,,44.5,50.0,32.0,34.0,33.0,2.0,1377.8,23055.735362820375,16.734048635200104,-986.7065817369843,-516.6865092283158,-240.36304032181118,-3.831422995401431,0.9782410791533944,-3.18835530934924,461.79837863627165,681.4412119520787,-218.96559766659416,4387.822757118038,6474.608392542084,7089.35122054667,8433.914062465494,5489.715653913316,4163.30339763485,5173.134503110892,1.0,0.9538354401835196,1.0,-3.313231594118111,287.147939,-1059.883233,-1790.619077,-3327.40533,1938.3747049999997,sigma_mpa = -sum(c_stress_atom_virial)/(Lx*Ly*bin_width)*0.1; per-atom percentiles use bin_volume/count proxy,40000,49000,10
eps0000,F0_planar_100A_comm_eps0000_cpu_zhi200,0.0,last20_mean,,44.5,50.0,34.0,36.0,35.0,2.0,1377.2,23055.735362820375,16.741655019696548,-1032.2118038606245,-553.8995459370939,-277.3831264176462,2.6812382435169426,18.761624457541686,7.851886859220731,514.0365986300611,702.19999252924,-238.13197467343576,4345.124015456513,6432.193723830091,7094.461857305758,8417.446948300107,5547.364588557423,4317.775196384899,5260.037042477778,1.0,0.9570039018952062,1.0,-3.313855950388046,287.147939,-1059.883233,-1790.619077,-3327.40533,1938.3747049999997,sigma_mpa = -sum(c_stress_atom_virial)/(Lx*Ly*bin_width)*0.1; per-atom percentiles use bin_volume/count proxy,40000,49000,10
eps0000,F0_planar_100A_comm_eps0000_cpu_zhi200,0.0,last20_mean,,44.5,50.0,36.0,38.0,37.0,2.0,1378.8,23055.735362820375,16.721709921801448,-1023.0294123927557,-540.4291257784367,-262.45729485818384,3.789654347303878,4.251264738406941,-29.285459040817322,506.34896795778934,706.2130875594828,-228.36383098052247,4360.946619531589,6434.245785932395,7075.6049859312625,8478.562594337443,5537.958791041057,4291.1756852286,5233.869148871015,1.0,0.9529271548436308,1.0,-3.3138736139079583,287.147939,-1059.883233,-1790.619077,-3327.40533,1938.3747049999997,sigma_mpa = -sum(c_stress_atom_virial)/(Lx*Ly*bin_width)*0.1; per-atom percentiles use bin_volume/count proxy,40000,49000,10
eps0000,F0_planar_100A_comm_eps0000_cpu_zhi200,0.0,last20_mean,,44.5,50.0,38.0,40.0,39.0,2.0,1380.3,23055.735362820375,16.703430520802144,-1024.349677252409,-538.9823177290266,-270.06527989664244,-6.872733062790341,-21.3686328552972,-24.330893521219604,550.7510777786649,694.6805262870608,-245.71992872270783,4386.054892191691,6468.429830689676,7131.155063687258,8451.475718122838,5536.487387390971,4330.758371819966,5194.512861044114,1.0,0.960009902857682,1.0,-3.31370366123267,287.147939,-1059.883233,-1790.619077,-3327.40533,1938.3747049999997,sigma_mpa = -sum(c_stress_atom_virial)/(Lx*Ly*bin_width)*0.1; per-atom percentiles use bin_volume/count proxy,40000,49000,10
eps0000,F0_planar_100A_comm_eps0000_cpu_zhi200,0.0,last20_mean,,44.5,50.0,40.0,42.0,41.0,2.0,1378.4,23055.735362820375,16.726652328757858,-1019.5769520719343,-533.8410642543206,-265.06823172979944,-0.39542317711980546,-46.679096060423724,13.386689352433862,583.8782272641531,707.1182523247306,-233.00173864592162,4387.779807933793,6506.142612027198,7173.496538648088,8480.489165385015,5508.174417703771,4343.067290556848,5264.512655351373,1.0,0.9589421564877387,1.0,-3.31378060315143,287.147939,-1059.883233,-1790.619077,-3327.40533,1938.3747049999997,sigma_mpa = -sum(c_stress_atom_virial)/(Lx*Ly*bin_width)*0.1; per-atom percentiles use bin_volume/count proxy,40000,49000,10
eps0000,F0_planar_100A_comm_eps0000_cpu_zhi200,0.0,last20_mean,,44.5,50.0,42.0,44.0,43.0,2.0,1379.1,23055.735362820375,16.718022042650166,-1022.6396550671016,-546.2212739481431,-267.4656529909331,-2.04665861246369,-8.815211659283975,16.542409616916434,586.0468908804319,695.906272223943,-245.72971718897458,4389.104416070812,6462.7401374816,7127.0706697808955,8488.946950112388,5582.059299323757,4284.521484588902,5209.933962405876,1.0,0.9567825769828433,1.0,-3.3136316797529575,287.147939,-1059.883233,-1790.619077,-3327.40533,1938.3747049999997,sigma_mpa = -sum(c_stress_atom_virial)/(Lx*Ly*bin_width)*0.1; per-atom percentiles use bin_volume/count proxy,40000,49000,10
eps0000,F0_planar_100A_comm_eps0000_cpu_zhi200,0.0,last20_mean,,44.5,50.0,44.0,46.0,45.0,2.0,1378.9,23055.735362820375,16.72047883285175,-1012.5736233547266,-546.5305982238676,-268.89681318412795,-3.557494393575765,15.757714282575687,11.037469400445538,551.3292596983576,693.4012618140002,-239.86978326256371,4382.361128820148,6393.603151129283,7041.1541672862395,8429.544518996036,5480.8658662039925,4327.934835204216,5256.03016164981,1.0,0.9575673558399764,1.0,-3.313695900529319,287.147939,-1059.883233,-1790.619077,-3327.40533,1938.3747049999997,sigma_mpa = -sum(c_stress_atom_virial)/(Lx*Ly*bin_width)*0.1; per-atom percentiles use bin_volume/count proxy,40000,49000,10
eps0000,F0_planar_100A_comm_eps0000_cpu_zhi200,0.0,last20_mean,,44.5,50.0,46.0,48.0,47.0,2.0,1379.6,23055.735362820375,16.711911312661123,-990.6817640485099,-512.4911614384173,-222.53362620312342,-6.12338865103671,-28.173653600200748,-13.51421850592773,536.3089274440479,707.5177337769601,-199.55758042520387,4380.286540491612,6437.5453546930485,7121.110283730149,8542.917289169902,5495.11327985775,4245.119419085281,5220.10606714725,1.0,0.9557813026626221,1.0,-3.313788056669194,287.147939,-1059.883233,-1790.619077,-3327.40533,1938.3747049999997,sigma_mpa = -sum(c_stress_atom_virial)/(Lx*Ly*bin_width)*0.1; per-atom percentiles use bin_volume/count proxy,40000,49000,10
eps0000,F0_planar_100A_comm_eps0000_cpu_zhi200,0.0,last20_mean,,44.5,50.0,48.0,50.0,49.0,2.0,1380.0,23055.735362820375,16.707054610739398,-965.6474862042966,-491.1040378425954,-163.1346928935559,-1.994531680664838,-40.092807787282084,-22.38199070957215,460.3651588736314,733.2320496781566,-138.41133167906187,4367.4676076053165,6495.464101371561,7126.930476508338,8356.483598309454,5577.5774159207085,4268.445465794998,5218.8790323311905,1.0,0.956231884057971,1.0,-3.313693667391304,287.147939,-1059.883233,-1790.619077,-3327.40533,1938.3747049999997,sigma_mpa = -sum(c_stress_atom_virial)/(Lx*Ly*bin_width)*0.1; per-atom percentiles use bin_volume/count proxy,40000,49000,10
eps0000,F0_planar_100A_comm_eps0000_cpu_zhi200,0.0,last20_mean,,44.5,50.0,50.0,55.0,52.5,5.0,3505.9,57639.33840705092,16.956043215346973,-1006.9705836490473,-513.5538018438508,-207.29137631710742,3.356898769775456,-20.846941819085995,22.875762318443016,562.5618189190128,739.2565224551503,-178.03057429527456,4451.886262759512,6546.660870827161,7225.479079914869,8565.435263013158,5644.44748262827,4355.84409329874,5297.928768516965,1.0,0.9555140736955796,1.0,-3.3137881114006915,287.147939,-1059.883233,-1790.619077,-3327.40533,1938.3747049999997,sigma_mpa = -sum(c_stress_atom_virial)/(Lx*Ly*bin_width)*0.1; per-atom percentiles use bin_volume/count proxy,40000,49000,10
eps0000,F0_planar_100A_comm_eps0000_cpu_zhi200,0.0,last20_mean,,44.5,50.0,55.0,60.0,57.5,5.0,3394.1,57639.33840705092,17.53294070355947,-1004.7816611647886,-534.0833348757386,-267.19764128329257,4.493078233592624,4.105630064502115,-2.72964573635623,578.2806532524684,699.6959073730748,-224.0757905006215,4330.659564213981,6336.571908606171,6976.065159704235,8261.579437197883,5466.069751002788,4288.055371013163,5236.202445343819,1.0,0.9539518116384358,1.0,-3.3137493109547846,287.147939,-1059.883233,-1790.619077,-3327.40533,1938.3747049999997,sigma_mpa = -sum(c_stress_atom_virial)/(Lx*Ly*bin_width)*0.1; per-atom percentiles use bin_volume/count proxy,40000,49000,10
eps0000,F0_planar_100A_comm_eps0000_cpu_zhi200,0.0,last20_mean,,44.5,50.0,60.0,65.0,62.5,5.0,3388.4,57639.33840705092,17.610443468239353,-1000.1490623215823,-528.7110226212848,-247.6935362599432,5.194825683326576,9.855095717616763,9.274381909094954,576.4617455673542,697.4720280127333,-216.87833978512884,4303.447754826467,6342.759943695784,6983.778743138981,8297.205139141133,5421.289159760681,4258.367448228284,5163.1785024547535,1.0,0.9562781468370641,1.0,-3.3138815011500293,287.147939,-1059.883233,-1790.619077,-3327.40533,1938.3747049999997,sigma_mpa = -sum(c_stress_atom_virial)/(Lx*Ly*bin_width)*0.1; per-atom percentiles use bin_volume/count proxy,40000,49000,10
eps0000,F0_planar_100A_comm_eps0000_cpu_zhi200,0.0,last20_mean,,44.5,50.0,65.0,70.0,67.5,5.0,3511.6,57639.33840705092,16.96047170121653,-1068.2312647011572,-567.0702142611135,-321.4656716971488,-0.8421840464439108,25.58893883796511,2.7921926679906446,576.219084626603,702.3291922396875,-284.2114787589054,4444.466896576758,6596.311793796206,7283.4672852734975,8650.392396563551,5633.038620987372,4436.952973504556,5401.08181338732,1.0,0.9568220124821709,1.0,-3.3134344961954163,287.147939,-1059.883233,-1790.619077,-3327.40533,1938.3747049999997,sigma_mpa = -sum(c_stress_atom_virial)/(Lx*Ly*bin_width)*0.1; per-atom percentiles use bin_volume/count proxy,40000,49000,10
eps0000,F0_planar_100A_comm_eps0000_cpu_zhi200,0.0,last20_mean,,44.5,50.0,70.0,75.0,72.5,5.0,3247.6,57639.33840705092,18.246886141800662,-923.0608871093075,-472.8113281392357,-181.39009639184457,-4.235074701569419,-0.9613676437587182,-5.275213113546175,513.1129830969257,677.6889665748638,-155.22254217685773,4120.206846453723,6081.860895840078,6700.149517088488,7959.28817319422,5265.281611040812,4095.921688669485,4959.811382759187,1.0,0.9530284742458559,1.0,-3.3138496168009617,287.147939,-1059.883233,-1790.619077,-3327.40533,1938.3747049999997,sigma_mpa = -sum(c_stress_atom_virial)/(Lx*Ly*bin_width)*0.1; per-atom percentiles use bin_volume/count proxy,40000,49000,10
eps0000,F0_planar_100A_comm_eps0000_cpu_zhi200,0.0,last20_mean,,44.5,50.0,75.0,80.0,77.5,5.0,3652.4,57639.33840705092,16.19664443922702,-1090.2424873441933,-571.4368257850587,-279.64610686869423,-2.2733059011564167,-7.885271414347147,12.414339238703494,540.7361340820376,747.2793806761545,-245.04071276234453,4605.5833274579245,6820.093820246109,7510.259274661276,8899.839271008375,5801.396489668308,4572.844857163682,5549.760208175273,1.0,0.9603120845953901,1.0,-3.3137701515137747,287.147939,-1059.883233,-1790.619077,-3327.40533,1938.3747049999997,sigma_mpa = -sum(c_stress_atom_virial)/(Lx*Ly*bin_width)*0.1; per-atom percentiles use bin_volume/count proxy,40000,49000,10
eps0000,F0_planar_100A_comm_eps0000_cpu_zhi200,0.0,last20_mean,,44.5,50.0,80.0,85.0,82.5,5.0,3085.0,57639.33840705092,19.069476364743522,-899.2299026122497,-471.02364731806426,-212.2656940609651,3.339248041267511,-5.03948674685481,-10.20820874517919,459.6617586951079,636.8752276332201,-186.98764973443392,3905.165582872738,5737.98875666276,6311.776842243669,7497.1758651499695,4925.604241844294,3889.2906933084582,4683.112466432816,1.0,0.9502855439264384,1.0,-3.3139276933741706,287.147939,-1059.883233,-1790.619077,-3327.40533,1938.3747049999997,sigma_mpa = -sum(c_stress_atom_virial)/(Lx*Ly*bin_width)*0.1; per-atom percentiles use bin_volume/count proxy,40000,49000,10
eps0000,F0_planar_100A_comm_eps0000_cpu_zhi200,0.0,last20_mean,,44.5,50.0,85.0,90.0,87.5,5.0,3810.3,57639.33840705092,15.410972506060489,-1140.9215704923713,-602.757566271873,-293.94104254814704,-0.23620654741822325,16.828563852696497,24.399622294595225,495.12776825423936,784.9744366704623,-254.2366092256324,4784.719897922978,7068.395317487845,7799.8639343378,9338.03400225624,6045.618192780096,4662.868734768864,5764.624021662157,1.0,0.960293032705656,1.0,-3.3143063164859603,287.147939,-1059.883233,-1790.619077,-3327.40533,1938.3747049999997,sigma_mpa = -sum(c_stress_atom_virial)/(Lx*Ly*bin_width)*0.1; per-atom percentiles use bin_volume/count proxy,40000,49000,10
eps0000,F0_planar_100A_comm_eps0000_cpu_zhi200,0.0,last20_mean,,44.5,50.0,90.0,95.0,92.5,5.0,2946.4,57639.33840705092,19.839020651900732,-844.1847631033309,-430.92126816135703,-157.39847229411268,2.060711442910491,11.42424829735465,-7.772185754940938,382.02670097812154,630.7698576106927,-132.01888155091842,3718.9267982301253,5496.460126333397,6074.286856336952,7186.313768337388,4734.985486373736,3614.615051124764,4437.726718731906,1.0,0.948411689945989,1.0,-3.314213302219097,287.147939,-1059.883233,-1790.619077,-3327.40533,1938.3747049999997,sigma_mpa = -sum(c_stress_atom_virial)/(Lx*Ly*bin_width)*0.1; per-atom percentiles use bin_volume/count proxy,40000,49000,10
eps0000,F0_planar_100A_comm_eps0000_cpu_zhi200,0.0,last20_mean,,44.5,50.0,95.0,100.0,97.5,5.0,3874.0,57639.33840705092,15.110711982129633,-1146.1497489070575,-611.9268798751747,-290.20783199211826,3.5882019754931784,28.86222327187911,1.719062645241578,455.11640021651067,786.7216335944428,-268.63883909263814,4893.748530668201,7206.220391541365,7921.050595550578,9409.05344169748,6153.950198375622,4762.037043270836,5822.498042152162,1.0,0.9606334475263653,1.0,-3.314209119002114,287.147939,-1059.883233,-1790.619077,-3327.40533,1938.3747049999997,sigma_mpa = -sum(c_stress_atom_virial)/(Lx*Ly*bin_width)*0.1; per-atom percentiles use bin_volume/count proxy,40000,49000,10
eps0000,F0_planar_100A_comm_eps0000_cpu_zhi200,0.0,last20_mean,,44.5,50.0,100.0,110.0,105.0,10.0,6817.5,115278.67681410184,16.919864860794696,-1010.3575519857206,-532.544486210961,-247.01789784535964,0.5009426008204751,-1.0157088625862727,3.3888914167736965,315.14358263530943,679.1273259981333,-239.56935028403797,4298.903189637087,6347.015246866125,6993.4855758916965,8294.747269509757,5414.5101359806895,4143.301486676776,5114.032689017493,1.0,0.955097352902912,1.0,-3.314288751016727,287.147939,-1059.883233,-1790.619077,-3327.40533,1938.3747049999997,sigma_mpa = -sum(c_stress_atom_virial)/(Lx*Ly*bin_width)*0.1; per-atom percentiles use bin_volume/count proxy,40000,49000,10
eps0000,F0_planar_100A_comm_eps0000_cpu_zhi200,0.0,last20_mean,,44.5,50.0,110.0,120.0,115.0,10.0,6679.3,115278.67681410184,17.285973928209756,-1330.7495457592904,-879.1733691425658,-183.25653556359208,-1.8305626937747301,-12.273592660682073,-7.745230654016997,183.25653556359208,1020.8022029097204,-175.2964469483672,4563.211336626546,6914.842613574283,7681.359788781387,9148.182902175931,5616.0109410008445,4114.127544461744,6569.2143911939975,1.0,0.9550664014710911,1.0,-3.2308580968173763,287.147939,-1059.883233,-1790.619077,-3327.40533,1938.3747049999997,sigma_mpa = -sum(c_stress_atom_virial)/(Lx*Ly*bin_width)*0.1; per-atom percentiles use bin_volume/count proxy,40000,49000,10
eps0000,F0_planar_100A_comm_eps0000_cpu_zhi200,0.0,last20_mean,,44.5,50.0,120.0,121.06800000000001,120.534,1.068000000000012,387.4,12311.762683746218,49.05084734560246,-2206.3464938177763,-2138.000829462917,-535.569655732971,-8.168613104667045,34.858474779292344,1.799149339455918,535.569655732971,1638.8505877157206,-534.8410434436354,2083.3581759420495,2759.9230896086096,2951.50114369682,3415.544496257409,693.7688121378612,1400.884056412951,3220.9127578743874,0.6,0.5602942209630608,0.6,-2.7106435856573707,287.147939,-1059.883233,-1790.619077,-3327.40533,1938.3747049999997,sigma_mpa = -sum(c_stress_atom_virial)/(Lx*Ly*bin_width)*0.1; per-atom percentiles use bin_volume/count proxy,40000,49000,10
