frame,step,tau_MPa,n_segments,dxa_len_A,n_interface_segments,hcp_matrix,x_probe,x_partner,len_probe,len_partner,xu_probe,xu_partner
0,0,0.0,2,82.74057033597421,0,63,,106.89543500706989,0.0,82.74057033597421,,106.89543500706989
1,1000,0.0,0,0.0,0,0,,,0.0,0.0,,
2,2000,0.0,0,0.0,0,0,,,0.0,0.0,,
3,3000,0.0,0,0.0,0,0,,,0.0,0.0,,
4,4000,0.0,1,8.507943798564124,1,0,,,0.0,0.0,,
5,5000,0.0,0,0.0,0,0,,,0.0,0.0,,
6,6000,0.0,0,0.0,0,0,,,0.0,0.0,,
7,7000,0.0,0,0.0,0,0,,,0.0,0.0,,
8,8000,0.0,0,0.0,0,0,,,0.0,0.0,,
9,9000,0.0,0,0.0,0,0,,,0.0,0.0,,
10,10000,30.0,0,0.0,0,0,,,0.0,0.0,,
11,11000,30.0,0,0.0,0,0,,,0.0,0.0,,
12,12000,30.0,0,0.0,0,0,,,0.0,0.0,,
13,13000,30.0,0,0.0,0,0,,,0.0,0.0,,
14,14000,30.0,0,0.0,0,0,,,0.0,0.0,,
15,15000,30.0,0,0.0,0,0,,,0.0,0.0,,
16,16000,30.0,0,0.0,0,0,,,0.0,0.0,,
17,17000,30.0,0,0.0,0,0,,,0.0,0.0,,
18,18000,30.0,0,0.0,0,0,,,0.0,0.0,,
19,19000,30.0,0,0.0,0,0,,,0.0,0.0,,
20,20000,30.0,0,0.0,0,0,,,0.0,0.0,,
21,21000,30.0,0,0.0,0,0,,,0.0,0.0,,
22,22000,30.0,0,0.0,0,0,,,0.0,0.0,,
23,23000,30.0,0,0.0,0,0,,,0.0,0.0,,
24,24000,30.0,0,0.0,0,0,,,0.0,0.0,,
25,25000,30.0,0,0.0,0,0,,,0.0,0.0,,
26,26000,30.0,0,0.0,0,0,,,0.0,0.0,,
27,27000,30.0,0,0.0,0,0,,,0.0,0.0,,
28,28000,30.0,0,0.0,0,0,,,0.0,0.0,,
29,29000,30.0,0,0.0,0,0,,,0.0,0.0,,
30,30000,40.0,0,0.0,0,0,,,0.0,0.0,,
31,31000,40.0,0,0.0,0,0,,,0.0,0.0,,
32,32000,40.0,0,0.0,0,0,,,0.0,0.0,,
33,33000,40.0,0,0.0,0,0,,,0.0,0.0,,
34,34000,40.0,0,0.0,0,0,,,0.0,0.0,,
35,35000,40.0,0,0.0,0,0,,,0.0,0.0,,
36,36000,40.0,0,0.0,0,0,,,0.0,0.0,,
37,37000,40.0,0,0.0,0,0,,,0.0,0.0,,
38,38000,40.0,0,0.0,0,0,,,0.0,0.0,,
39,39000,40.0,0,0.0,0,0,,,0.0,0.0,,
40,40000,40.0,0,0.0,0,0,,,0.0,0.0,,
41,41000,40.0,0,0.0,0,0,,,0.0,0.0,,
42,42000,40.0,0,0.0,0,0,,,0.0,0.0,,
43,43000,40.0,0,0.0,0,0,,,0.0,0.0,,
44,44000,40.0,0,0.0,0,0,,,0.0,0.0,,
45,45000,40.0,0,0.0,0,0,,,0.0,0.0,,
46,46000,40.0,0,0.0,0,0,,,0.0,0.0,,
47,47000,40.0,0,0.0,0,0,,,0.0,0.0,,
48,48000,40.0,0,0.0,0,0,,,0.0,0.0,,
49,49000,40.0,0,0.0,0,0,,,0.0,0.0,,
50,50000,50.0,0,0.0,0,0,,,0.0,0.0,,
51,51000,50.0,0,0.0,0,0,,,0.0,0.0,,
52,52000,50.0,0,0.0,0,0,,,0.0,0.0,,
53,53000,50.0,0,0.0,0,0,,,0.0,0.0,,
54,54000,50.0,0,0.0,0,0,,,0.0,0.0,,
55,55000,50.0,0,0.0,0,0,,,0.0,0.0,,
56,56000,50.0,0,0.0,0,0,,,0.0,0.0,,
57,57000,50.0,0,0.0,0,0,,,0.0,0.0,,
58,58000,50.0,0,0.0,0,0,,,0.0,0.0,,
59,59000,50.0,0,0.0,0,0,,,0.0,0.0,,
60,60000,50.0,0,0.0,0,0,,,0.0,0.0,,
61,61000,50.0,0,0.0,0,0,,,0.0,0.0,,
62,62000,50.0,0,0.0,0,0,,,0.0,0.0,,
63,63000,50.0,0,0.0,0,0,,,0.0,0.0,,
64,64000,50.0,0,0.0,0,0,,,0.0,0.0,,
65,65000,50.0,1,8.520329050600466,1,0,,,0.0,0.0,,
66,66000,50.0,0,0.0,0,0,,,0.0,0.0,,
67,67000,50.0,0,0.0,0,0,,,0.0,0.0,,
68,68000,50.0,0,0.0,0,0,,,0.0,0.0,,
69,69000,50.0,0,0.0,0,0,,,0.0,0.0,,
70,70000,60.0,0,0.0,0,0,,,0.0,0.0,,
71,71000,60.0,0,0.0,0,0,,,0.0,0.0,,
72,72000,60.0,0,0.0,0,0,,,0.0,0.0,,
73,73000,60.0,0,0.0,0,0,,,0.0,0.0,,
74,74000,60.0,0,0.0,0,0,,,0.0,0.0,,
75,75000,60.0,0,0.0,0,0,,,0.0,0.0,,
76,76000,60.0,0,0.0,0,0,,,0.0,0.0,,
77,77000,60.0,0,0.0,0,0,,,0.0,0.0,,
78,78000,60.0,0,0.0,0,0,,,0.0,0.0,,
79,79000,60.0,0,0.0,0,0,,,0.0,0.0,,
80,80000,60.0,0,0.0,0,0,,,0.0,0.0,,
81,81000,60.0,0,0.0,0,0,,,0.0,0.0,,
82,82000,60.0,0,0.0,0,0,,,0.0,0.0,,
83,83000,60.0,0,0.0,0,0,,,0.0,0.0,,
84,84000,60.0,0,0.0,0,0,,,0.0,0.0,,
85,85000,60.0,0,0.0,0,0,,,0.0,0.0,,
86,86000,60.0,0,0.0,0,0,,,0.0,0.0,,
87,87000,60.0,0,0.0,0,0,,,0.0,0.0,,
88,88000,60.0,0,0.0,0,0,,,0.0,0.0,,
89,89000,60.0,0,0.0,0,0,,,0.0,0.0,,
90,90000,70.0,0,0.0,0,0,,,0.0,0.0,,
